delete from account where acctid in ('000011721200','000011725200') and currencyid='00';
delete from  stklist where regid in ('A117212000','A117252000') and stkid in('155228','010707','502003','502362');
delete from unduerepurchasebonds where ordertime>='20220504000000';
delete from unduerepurchasebondshis where ordertime>='20220504000000';
delete from exchangerights where reckoningtime>='20220504000000';
delete from tradinglog where reckoningtime>='20220504000000';

insert into account (ACCTID, ACCTNAME, ACCTPWD, CUSTID, MAINACCTFLAG, CURRENCYID, STKVALUE, MINMARGIN, PREVIOUSAMT, CURRENTAMT, CURRENTAMTCHKSUM, USABLEAMT, TRADEFROZENAMT, EXCEPTFROZENAMT, UNCOMEAMT, UNDELIVERYFUNDUSEFLAG, CHKAMT, CHECKASCASHAMT, FINANCEAMT, OVERDRAFTLIMIT, OVERDRAFTINTEREST, OVERDRAFTINTERESTRATE, CHKSAVESUM, CHKFETCHSUM, CASHSAVESUM, CASHFETCHSUM, OPENDATE, LASTMODDATE, LASTPRINTDATE, FETCHMETHOD, DEPOSITRATE, RATEFLAG, DEPOSITINTEREST, DEPOSITSUM, INTEREST, INTERESTCOMPUTEDATE, INTERESTRATE, COOPPURCHASEFLAG, ACCTSTATUS, ACCTPERMITLIST, PERMITMAC, PERMITPHONE, BANKMORTGAGELOANAMT, SALESID, EXCEPTIONINTERESTAMT, AUDITOPTID, LOGOUTDATE, MEMO, MAGCARDID, EXTMAGCARDID, MAGCARDUSEDFLAG, UNLOCKDATE, INTERESTTYPEID, BEGININTERESTDATE, ENDINTERESTDATE, GETACCOUNTDATE, GETACCOUNTNUM, TRADECHECKFLAG, RECKONINGCHECKFLAG, NEEDSETTLEAMT, ACCUREDINTERESTAMT, INTERESTAMOUNT, LOGINERRORCOUNT, CREDITFUNDFLAG, SHTRADENETAMT, SZTRADENETAMT, YDMARGINUSEDAMT, MARGINUSEDAMT, REALTIMEAMT, CASHMOVEMENTAMT, CLOSEPNL, COMMISION, REALTIMEPNL, PLEDGEAMT, ACCTATRISKLEVEL, CUSTBRANCHID, EVERYPOSITIONPNL, EVERYRIGHTS, EVERYCURRENTAMT, FLOATPNL, EXCHMARGINUSEDAMT, EXCHCOMMISION, EXCHMORTGAGEUSABLEAMT, MORTGAGEUSABLEAMT, BASEMARGINUSEDAMT, CONTRACTAMTTOTAL, YDEXCHMORTGAGEUSABLEAMT, YDMORTGAGEUSABLEAMT, CONTRACTINTERESTAMOUNT, POSITIONCONTRACTAMT, BEGININGAMT, BUYTRADEFROZENAMT, SUBCUSTODYFLAG, MAINACCTID, ECONTRACTSIGNFLAG, TUSABLEAMT, TODAYREPOAMT, REPOAMT, ASSETAMT, LEVEL2FLAG, MULTINSTANCEID, DELIVERYMARGINAMT, DELIVERYCOMMISION, EXCHANGETOTALAMT, EXCHANGEUSEAMT, PREMIUM, EXCHANGEMARGINFROZEN, EXCHANGEMARGINUSED, EXCHANGECOMMISION, EXCHANGECOMMISIONFROZEN, EXCHANGECLOSEPNL, EXCHANGEREALTIMEPNL, OPTIONBUYOPENLIMITAMT, SUMPNL, T2EXTRAUSABLEAMT, INITCHGUSABLEAMT, INITCHGT2AMT, TOTALCOMMISIONFEE, OPENFROZMARGIN, EXTTRADEPWD, SUBCREDITFUNDFLAG, RSMARGINAMT, RSMARGINUSEDAMT, RSLENDCASHAMT, RSLENDCASHUSEDAMT, SZT2EXTRAUSABLEAMT, T1SHAREUSABLEAMT, USEDT1SHAREUSABLEDAMT, SZUSEDT1SHAREUSABLEDAMT, ACCESSMODE, OPTMARGINUSEDAMT, FASTUPDATECNT, UNDUEREPOAMT, CHANGEPWDDATE, CARRYFORWARDFLAG, CNYFUNDINGGAP, FOREIGNCURRENCYAMT, PREFOREIGNCURRENCYAMT, FOREIGNCURRENCYID, RELATEDACCTID, MORTGAGEAMT, MORTGAGECHGAMT, MORTGAGEMARGINAMT, MORTGAGEAVAILABLEAMT, EXCHMORTGAGEAVAILABLEAMT, TOTALMORTGAGEAMT)
values ('000011721200', '焦振鹏主股东', 'S5lEuv1P', '000011721200', 1, '00', 15294683.460, 0.000, 10609717.500, 14015000.000, '', 14015000.000, 0.000, 0.000, 0.000, 0, 0.000, 0.000, 0.000, 0.000, 0.0000, 0.0000000000000, 0.000, 0.000, 18101500.000, 0.000, 20201119113253, 20200616144019, -1, '0', 0.0500000000, 1, 0.0000, 548733902.210, 0.000, -1, 0.000000, 0, 0, '', '', '', 0.000, '99999', 1445277.500, '', -1, '', '', '11721200', 1, -1, 0, 20181008113252, 20200623113337, -1, 0, '0', '1', -3337148.470, 0.0000, 0.0000, 0, '0', 0.000, 0.000, 0.00, 0.00, 0.00, 1500.00, 0.00, 0.00, 0.00, 0.00, '', '000001', 0.000, 0.000, 0.000, 0.000, 0.00, 0.00, 0.00, 0.00, 0.00, 0.00, 0.00, 0.00, 0.00, 0.00, 6000000.000, 0.000, 0, '11721200', 'N', 14015000.000, 0.000, 0.000, 10382132.760, 'Level1', 0, 0.00, 0.00, 0.00, 0.00, 0.00, 0.00, 0.00, 0.00, 0.00, 0.00, 0.00, 0.000, 2401.63, 0.000, 0.000, 0.000, 349.890, 0.000, 'ENEGu/tKR0Y=', '0', 0.000, 0.000, 0.000, 0.000, 0.000, 0.000, 0.000, 0.000, '0', 0.000, 0, 0.000, -1, 0, 0.000, 0.000, 0.000, '', '', 0.000, 0.000, 0.000, 0.000, 0.000, 0.000);

insert into account (ACCTID, ACCTNAME, ACCTPWD, CUSTID, MAINACCTFLAG, CURRENCYID, STKVALUE, MINMARGIN, PREVIOUSAMT, CURRENTAMT, CURRENTAMTCHKSUM, USABLEAMT, TRADEFROZENAMT, EXCEPTFROZENAMT, UNCOMEAMT, UNDELIVERYFUNDUSEFLAG, CHKAMT, CHECKASCASHAMT, FINANCEAMT, OVERDRAFTLIMIT, OVERDRAFTINTEREST, OVERDRAFTINTERESTRATE, CHKSAVESUM, CHKFETCHSUM, CASHSAVESUM, CASHFETCHSUM, OPENDATE, LASTMODDATE, LASTPRINTDATE, FETCHMETHOD, DEPOSITRATE, RATEFLAG, DEPOSITINTEREST, DEPOSITSUM, INTEREST, INTERESTCOMPUTEDATE, INTERESTRATE, COOPPURCHASEFLAG, ACCTSTATUS, ACCTPERMITLIST, PERMITMAC, PERMITPHONE, BANKMORTGAGELOANAMT, SALESID, EXCEPTIONINTERESTAMT, AUDITOPTID, LOGOUTDATE, MEMO, MAGCARDID, EXTMAGCARDID, MAGCARDUSEDFLAG, UNLOCKDATE, INTERESTTYPEID, BEGININTERESTDATE, ENDINTERESTDATE, GETACCOUNTDATE, GETACCOUNTNUM, TRADECHECKFLAG, RECKONINGCHECKFLAG, NEEDSETTLEAMT, ACCUREDINTERESTAMT, INTERESTAMOUNT, LOGINERRORCOUNT, CREDITFUNDFLAG, SHTRADENETAMT, SZTRADENETAMT, YDMARGINUSEDAMT, MARGINUSEDAMT, REALTIMEAMT, CASHMOVEMENTAMT, CLOSEPNL, COMMISION, REALTIMEPNL, PLEDGEAMT, ACCTATRISKLEVEL, CUSTBRANCHID, EVERYPOSITIONPNL, EVERYRIGHTS, EVERYCURRENTAMT, FLOATPNL, EXCHMARGINUSEDAMT, EXCHCOMMISION, EXCHMORTGAGEUSABLEAMT, MORTGAGEUSABLEAMT, BASEMARGINUSEDAMT, CONTRACTAMTTOTAL, YDEXCHMORTGAGEUSABLEAMT, YDMORTGAGEUSABLEAMT, CONTRACTINTERESTAMOUNT, POSITIONCONTRACTAMT, BEGININGAMT, BUYTRADEFROZENAMT, SUBCUSTODYFLAG, MAINACCTID, ECONTRACTSIGNFLAG, TUSABLEAMT, TODAYREPOAMT, REPOAMT, ASSETAMT, LEVEL2FLAG, MULTINSTANCEID, DELIVERYMARGINAMT, DELIVERYCOMMISION, EXCHANGETOTALAMT, EXCHANGEUSEAMT, PREMIUM, EXCHANGEMARGINFROZEN, EXCHANGEMARGINUSED, EXCHANGECOMMISION, EXCHANGECOMMISIONFROZEN, EXCHANGECLOSEPNL, EXCHANGEREALTIMEPNL, OPTIONBUYOPENLIMITAMT, SUMPNL, T2EXTRAUSABLEAMT, INITCHGUSABLEAMT, INITCHGT2AMT, TOTALCOMMISIONFEE, OPENFROZMARGIN, EXTTRADEPWD, SUBCREDITFUNDFLAG, RSMARGINAMT, RSMARGINUSEDAMT, RSLENDCASHAMT, RSLENDCASHUSEDAMT, SZT2EXTRAUSABLEAMT, T1SHAREUSABLEAMT, USEDT1SHAREUSABLEDAMT, SZUSEDT1SHAREUSABLEDAMT, ACCESSMODE, OPTMARGINUSEDAMT, FASTUPDATECNT, UNDUEREPOAMT, CHANGEPWDDATE, CARRYFORWARDFLAG, CNYFUNDINGGAP, FOREIGNCURRENCYAMT, PREFOREIGNCURRENCYAMT, FOREIGNCURRENCYID, RELATEDACCTID, MORTGAGEAMT, MORTGAGECHGAMT, MORTGAGEMARGINAMT, MORTGAGEAVAILABLEAMT, EXCHMORTGAGEAVAILABLEAMT, TOTALMORTGAGEAMT)
values ('000011725200', '焦振鹏主股东', 'S5lEuv1P', '000011725200', 1, '00', 0.000, 0.000, 99989355.500, 5985000.000, '', 5985000.000, 1092989.740, 0.000, 0.000, 0, 0.000, 0.000, 0.000, 0.000, 0.0000, 0.0000000000000, 0.000, 0.000, 18100000.000, 0.000, 20181008113253, -1, -1, '0', 0.0500000000, 1, 0.0000, 8916695075.130, 0.000, -1, 0.000000, 0, 0, '', '', '', 0.000, '99999', 0.000, '', -1, '', '', '1111', 1, -1, 0, 20181008113252, 20181008113252, -1, 0, '0', '1', 498403.860, 0.0000, 0.0000, 0, '0', 0.000, 0.000, 0.00, 0.00, 0.00, 0.00, 0.00, 0.00, 0.00, 0.00, '', '000001', 0.000, 0.000, 0.000, 0.000, 0.00, 0.00, 0.00, 0.00, 0.00, 0.00, 0.00, 0.00, 0.00, 0.00, 6000000.000, 0.000, 0, '000011725200', 'N', 5985000.000, 0.000, 0.000, 102673738.840, 'Level1', 0, 0.00, 0.00, 0.00, 0.00, 0.00, 0.00, 0.00, 0.00, 0.00, 0.00, 0.00, 0.000, 0.00, 0.000, 0.000, 0.000, 0.000, 0.000, 'ENEGu/tKR0Y=', '0', 0.000, 0.000, 0.000, 0.000, 0.000, 0.000, 0.000, 0.000, '0', 0.000, 0, 0.000, -1, 0, 0.000, 0.000, 0.000, '', '', 0.000, 0.000, 0.000, 0.000, 0.000, 0.000);

insert into stklist (EXCHID, ACCTID, CUSTID, REGID, REGNAME, OFFERREGID, STKID, STKNAME, EXCHTRUSTEESHIPQTY, PREVIOUSQTY, PREVIOUSCOST, STKVALUE, PREVIOUSINCOME, USABLEQTY, CURRENTQTY, UNSALEABLEQTY, SELLFROZENQTY, BUYFROZENQTY, EXCEPTFROZENQTY, REALTIMECOST, REALTIMEINCOME, CURRENCYID, STKTYPE, TRADETYPE, DESKID, CURRENTSTKVALUE, NEWPRICE, ETFKNOCKQTY, SELLUSEDQTY, ETFUSEDQTY, NEEDSETTLEQTY, IMPAWNQTY, WARRANTUSEDQTY, BONDPLEDGEQTY, BONDPLEDGEUSABLEQTY, HOLDSTATUS, CREDITSHAREUSEDQTY, CURRENTCREDITSHAREQTY, CREDITSHAREFROZENQTY, GUARANTYQTY, CURRENTQTYF, CUSTBRANCHID, GOINGBUYQTY, TOTALSELLQTY, SELLLIMITQTY, WAITSETTLEQTY, EXCHFROZENQTY, DIVIDENDAMT, DIVIDENDQTY, AGREEREPOQTY, QBONDPLEDGEQTY, QBONDPLEDGEUSABLEQTY, EXCHSELLFROZENQTY, ETFPURCHASEFROZENQTY, INTSUSABLEQTY, INTSBUYFROZENQTY, INTSSELLUSEDQTY, TDTOTALOPENAMT, TDTOTALOPENQTY, TDTOTALCLOSEAMT, TDTOTALCLOSEQTY, TDTOTALOPENFEE, TDTOTALCLOSEFEE, COVEREDFROZENQTY, COVEREDFROZENUSABLEQTY, COVEREDFROZENPOSITIONQTY, SETTLEPREVIOUSCOST, SETTLESTKVALUE, SETTLEPREVIOUSINCOME, EXCHRATE, CREDITINSHAREUSEDQTY, CREDITINSHAREQTY, CREDITOUTSHAREUSEDQTY, CREDITOUTSHAREQTY, NOUSEINITQTY, USEDUNFROZENQTY, FASTUPDATECNT, CREDITSPAREQTY, TDTOTALNOTBUYQTY, TDTOTALNOTSELLQTY, OCCURCREDITLOCKSHAREQTY, GAPFROZENQTY, ZRTTRANSQTY)
values ('0', '000011721200', '000011721200', 'A117212000', '焦振鹏主股东', 'A117212000', '502003', '军工LOF', 0, 0, 10.00000000, 115100.0000, 0.000, 100000, 100000, 0, 0, 0, 0, 0.000, 0.000, '01', 'C2', 'A0', '00W40', 0.0000, 0.000, 0, 0, 0, 0, 0, 0, 0, 0, 0, 0, 0, 0, 0, 0.00, '000001', 0, 0, 0, 0, 0, 0.000, 0, 0, 0, 0, 0, 0, 0, 0, 0, 0.000, 0, 0.000, 0, 0.000, 0.000, 0, 0, 0, 0.00000000, 0.0000, 0.000, 1.000000, 0, 0, 0, 0, 0, 0, 0, 0, 0, 0, 0, 0, 0);

insert into stklist (EXCHID, ACCTID, CUSTID, REGID, REGNAME, OFFERREGID, STKID, STKNAME, EXCHTRUSTEESHIPQTY, PREVIOUSQTY, PREVIOUSCOST, STKVALUE, PREVIOUSINCOME, USABLEQTY, CURRENTQTY, UNSALEABLEQTY, SELLFROZENQTY, BUYFROZENQTY, EXCEPTFROZENQTY, REALTIMECOST, REALTIMEINCOME, CURRENCYID, STKTYPE, TRADETYPE, DESKID, CURRENTSTKVALUE, NEWPRICE, ETFKNOCKQTY, SELLUSEDQTY, ETFUSEDQTY, NEEDSETTLEQTY, IMPAWNQTY, WARRANTUSEDQTY, BONDPLEDGEQTY, BONDPLEDGEUSABLEQTY, HOLDSTATUS, CREDITSHAREUSEDQTY, CURRENTCREDITSHAREQTY, CREDITSHAREFROZENQTY, GUARANTYQTY, CURRENTQTYF, CUSTBRANCHID, GOINGBUYQTY, TOTALSELLQTY, SELLLIMITQTY, WAITSETTLEQTY, EXCHFROZENQTY, DIVIDENDAMT, DIVIDENDQTY, AGREEREPOQTY, QBONDPLEDGEQTY, QBONDPLEDGEUSABLEQTY, EXCHSELLFROZENQTY, ETFPURCHASEFROZENQTY, INTSUSABLEQTY, INTSBUYFROZENQTY, INTSSELLUSEDQTY, TDTOTALOPENAMT, TDTOTALOPENQTY, TDTOTALCLOSEAMT, TDTOTALCLOSEQTY, TDTOTALOPENFEE, TDTOTALCLOSEFEE, COVEREDFROZENQTY, COVEREDFROZENUSABLEQTY, COVEREDFROZENPOSITIONQTY, SETTLEPREVIOUSCOST, SETTLESTKVALUE, SETTLEPREVIOUSINCOME, EXCHRATE, CREDITINSHAREUSEDQTY, CREDITINSHAREQTY, CREDITOUTSHAREUSEDQTY, CREDITOUTSHAREQTY, NOUSEINITQTY, USEDUNFROZENQTY, FASTUPDATECNT, CREDITSPAREQTY, TDTOTALNOTBUYQTY, TDTOTALNOTSELLQTY, OCCURCREDITLOCKSHAREQTY, GAPFROZENQTY, ZRTTRANSQTY)
values ('0', '000011721200', '000011721200', 'A117212000', '焦振鹏主股东', 'A117212000', '155228', '19中希01', 0, 0, 10.00000000, 104740273.9700, 0.000, 960000, 1000000, 0, 0, 0, 40000, 0.000, 0.000, '01', 'C5', 'A0', '00W40', 0.0000, 0.000, 0, 0, 0, 0, 0, 0, 0, 0, 0, 0, 0, 0, 0, 0.00, '000001', 0, 0, 0, 0, 0, 0.000, 0, 0, 0, 0, 0, 0, 0, 0, 0, 0.000, 0, 0.000, 0, 0.000, 0.000, 0, 0, 0, 0.00000000, 0.0000, 0.000, 1.000000, 0, 0, 0, 0, 0, 0, 0, 0, 0, 0, 0, 0, 0);

insert into stklist (EXCHID, ACCTID, CUSTID, REGID, REGNAME, OFFERREGID, STKID, STKNAME, EXCHTRUSTEESHIPQTY, PREVIOUSQTY, PREVIOUSCOST, STKVALUE, PREVIOUSINCOME, USABLEQTY, CURRENTQTY, UNSALEABLEQTY, SELLFROZENQTY, BUYFROZENQTY, EXCEPTFROZENQTY, REALTIMECOST, REALTIMEINCOME, CURRENCYID, STKTYPE, TRADETYPE, DESKID, CURRENTSTKVALUE, NEWPRICE, ETFKNOCKQTY, SELLUSEDQTY, ETFUSEDQTY, NEEDSETTLEQTY, IMPAWNQTY, WARRANTUSEDQTY, BONDPLEDGEQTY, BONDPLEDGEUSABLEQTY, HOLDSTATUS, CREDITSHAREUSEDQTY, CURRENTCREDITSHAREQTY, CREDITSHAREFROZENQTY, GUARANTYQTY, CURRENTQTYF, CUSTBRANCHID, GOINGBUYQTY, TOTALSELLQTY, SELLLIMITQTY, WAITSETTLEQTY, EXCHFROZENQTY, DIVIDENDAMT, DIVIDENDQTY, AGREEREPOQTY, QBONDPLEDGEQTY, QBONDPLEDGEUSABLEQTY, EXCHSELLFROZENQTY, ETFPURCHASEFROZENQTY, INTSUSABLEQTY, INTSBUYFROZENQTY, INTSSELLUSEDQTY, TDTOTALOPENAMT, TDTOTALOPENQTY, TDTOTALCLOSEAMT, TDTOTALCLOSEQTY, TDTOTALOPENFEE, TDTOTALCLOSEFEE, COVEREDFROZENQTY, COVEREDFROZENUSABLEQTY, COVEREDFROZENPOSITIONQTY, SETTLEPREVIOUSCOST, SETTLESTKVALUE, SETTLEPREVIOUSINCOME, EXCHRATE, CREDITINSHAREUSEDQTY, CREDITINSHAREQTY, CREDITOUTSHAREUSEDQTY, CREDITOUTSHAREQTY, NOUSEINITQTY, USEDUNFROZENQTY, FASTUPDATECNT, CREDITSPAREQTY, TDTOTALNOTBUYQTY, TDTOTALNOTSELLQTY, OCCURCREDITLOCKSHAREQTY, GAPFROZENQTY, ZRTTRANSQTY)
values ('0', '000011721200', '000011721200', 'A117212000', '焦振鹏主股东', 'A117212000', '010707', '07国债07', 0, 0, 10.00000000, 110000000.0000, 0.000, 1000000, 1000000, 0, 0, 0, 0, 0.000, 0.000, '01', 'A1', 'A0', '00W40', 0.0000, 0.000, 0, 0, 0, 0, 0, 0, 0, 0, 0, 0, 0, 0, 0, 0.00, '000001', 0, 0, 0, 0, 0, 0.000, 0, 0, 0, 0, 0, 0, 0, 0, 0, 0.000, 0, 0.000, 0, 0.000, 0.000, 0, 0, 0, 0.00000000, 0.0000, 0.000, 1.000000, 0, 0, 0, 0, 0, 0, 0, 0, 0, 0, 0, 0, 0);

insert into stklist (EXCHID, ACCTID, CUSTID, REGID, REGNAME, OFFERREGID, STKID, STKNAME, EXCHTRUSTEESHIPQTY, PREVIOUSQTY, PREVIOUSCOST, STKVALUE, PREVIOUSINCOME, USABLEQTY, CURRENTQTY, UNSALEABLEQTY, SELLFROZENQTY, BUYFROZENQTY, EXCEPTFROZENQTY, REALTIMECOST, REALTIMEINCOME, CURRENCYID, STKTYPE, TRADETYPE, DESKID, CURRENTSTKVALUE, NEWPRICE, ETFKNOCKQTY, SELLUSEDQTY, ETFUSEDQTY, NEEDSETTLEQTY, IMPAWNQTY, WARRANTUSEDQTY, BONDPLEDGEQTY, BONDPLEDGEUSABLEQTY, HOLDSTATUS, CREDITSHAREUSEDQTY, CURRENTCREDITSHAREQTY, CREDITSHAREFROZENQTY, GUARANTYQTY, CURRENTQTYF, CUSTBRANCHID, GOINGBUYQTY, TOTALSELLQTY, SELLLIMITQTY, WAITSETTLEQTY, EXCHFROZENQTY, DIVIDENDAMT, DIVIDENDQTY, AGREEREPOQTY, QBONDPLEDGEQTY, QBONDPLEDGEUSABLEQTY, EXCHSELLFROZENQTY, ETFPURCHASEFROZENQTY, INTSUSABLEQTY, INTSBUYFROZENQTY, INTSSELLUSEDQTY, TDTOTALOPENAMT, TDTOTALOPENQTY, TDTOTALCLOSEAMT, TDTOTALCLOSEQTY, TDTOTALOPENFEE, TDTOTALCLOSEFEE, COVEREDFROZENQTY, COVEREDFROZENUSABLEQTY, COVEREDFROZENPOSITIONQTY, SETTLEPREVIOUSCOST, SETTLESTKVALUE, SETTLEPREVIOUSINCOME, EXCHRATE, CREDITINSHAREUSEDQTY, CREDITINSHAREQTY, CREDITOUTSHAREUSEDQTY, CREDITOUTSHAREQTY, NOUSEINITQTY, USEDUNFROZENQTY, FASTUPDATECNT, CREDITSPAREQTY, TDTOTALNOTBUYQTY, TDTOTALNOTSELLQTY, OCCURCREDITLOCKSHAREQTY, GAPFROZENQTY, ZRTTRANSQTY)
values ('0', '000011721200', '000011721200', 'A117212000', '焦振鹏主股东', 'A117212000', '502362', '浦银B', 0, 0, 10.00000000, 100000.0000, 0.000, 90000, 100000, 0, 0, 0, 10000, 0.000, 0.000, '01', 'C2', 'A0', '00W40', 0.0000, 0.000, 0, 0, 0, 0, 0, 0, 0, 0, 0, 0, 0, 0, 0, 0.00, '000001', 0, 0, 0, 0, 0, 0.000, 0, 0, 0, 0, 0, 0, 0, 0, 0, 0.000, 0, 0.000, 0, 0.000, 0.000, 0, 0, 0, 0.00000000, 0.0000, 0.000, 1.000000, 0, 0, 0, 0, 0, 0, 0, 0, 0, 0, 0, 0, 0);

insert into stklist (EXCHID, ACCTID, CUSTID, REGID, REGNAME, OFFERREGID, STKID, STKNAME, EXCHTRUSTEESHIPQTY, PREVIOUSQTY, PREVIOUSCOST, STKVALUE, PREVIOUSINCOME, USABLEQTY, CURRENTQTY, UNSALEABLEQTY, SELLFROZENQTY, BUYFROZENQTY, EXCEPTFROZENQTY, REALTIMECOST, REALTIMEINCOME, CURRENCYID, STKTYPE, TRADETYPE, DESKID, CURRENTSTKVALUE, NEWPRICE, ETFKNOCKQTY, SELLUSEDQTY, ETFUSEDQTY, NEEDSETTLEQTY, IMPAWNQTY, WARRANTUSEDQTY, BONDPLEDGEQTY, BONDPLEDGEUSABLEQTY, HOLDSTATUS, CREDITSHAREUSEDQTY, CURRENTCREDITSHAREQTY, CREDITSHAREFROZENQTY, GUARANTYQTY, CURRENTQTYF, CUSTBRANCHID, GOINGBUYQTY, TOTALSELLQTY, SELLLIMITQTY, WAITSETTLEQTY, EXCHFROZENQTY, DIVIDENDAMT, DIVIDENDQTY, AGREEREPOQTY, QBONDPLEDGEQTY, QBONDPLEDGEUSABLEQTY, EXCHSELLFROZENQTY, ETFPURCHASEFROZENQTY, INTSUSABLEQTY, INTSBUYFROZENQTY, INTSSELLUSEDQTY, TDTOTALOPENAMT, TDTOTALOPENQTY, TDTOTALCLOSEAMT, TDTOTALCLOSEQTY, TDTOTALOPENFEE, TDTOTALCLOSEFEE, COVEREDFROZENQTY, COVEREDFROZENUSABLEQTY, COVEREDFROZENPOSITIONQTY, SETTLEPREVIOUSCOST, SETTLESTKVALUE, SETTLEPREVIOUSINCOME, EXCHRATE, CREDITINSHAREUSEDQTY, CREDITINSHAREQTY, CREDITOUTSHAREUSEDQTY, CREDITOUTSHAREQTY, NOUSEINITQTY, USEDUNFROZENQTY, FASTUPDATECNT, CREDITSPAREQTY, TDTOTALNOTBUYQTY, TDTOTALNOTSELLQTY, OCCURCREDITLOCKSHAREQTY, GAPFROZENQTY, ZRTTRANSQTY)
values ('0', '000011725200', '000011725200', 'A117252000', '焦振鹏主股东', 'A117252000', '502362', '浦银B', 0, 0, 10.00000000, 100000.0000, 0.000, 100000, 100000, 0, 0, 0, 0, 0.000, 0.000, '00', 'C2', 'A0', '00W40', 0.0000, 0.000, 0, 0, 0, 0, 0, 0, 0, 0, 0, 0, 0, 0, 0, 0.00, '000001', 0, 0, 0, 0, 0, 0.000, 0, 0, 0, 0, 0, 0, 0, 0, 0, 0.000, 0, 0.000, 0, 0.000, 0.000, 0, 0, 0, 0.00000000, 0.0000, 0.000, 1.000000, 0, 0, 0, 0, 0, 0, 0, 0, 0, 0, 0, 0, 0);

insert into stklist (EXCHID, ACCTID, CUSTID, REGID, REGNAME, OFFERREGID, STKID, STKNAME, EXCHTRUSTEESHIPQTY, PREVIOUSQTY, PREVIOUSCOST, STKVALUE, PREVIOUSINCOME, USABLEQTY, CURRENTQTY, UNSALEABLEQTY, SELLFROZENQTY, BUYFROZENQTY, EXCEPTFROZENQTY, REALTIMECOST, REALTIMEINCOME, CURRENCYID, STKTYPE, TRADETYPE, DESKID, CURRENTSTKVALUE, NEWPRICE, ETFKNOCKQTY, SELLUSEDQTY, ETFUSEDQTY, NEEDSETTLEQTY, IMPAWNQTY, WARRANTUSEDQTY, BONDPLEDGEQTY, BONDPLEDGEUSABLEQTY, HOLDSTATUS, CREDITSHAREUSEDQTY, CURRENTCREDITSHAREQTY, CREDITSHAREFROZENQTY, GUARANTYQTY, CURRENTQTYF, CUSTBRANCHID, GOINGBUYQTY, TOTALSELLQTY, SELLLIMITQTY, WAITSETTLEQTY, EXCHFROZENQTY, DIVIDENDAMT, DIVIDENDQTY, AGREEREPOQTY, QBONDPLEDGEQTY, QBONDPLEDGEUSABLEQTY, EXCHSELLFROZENQTY, ETFPURCHASEFROZENQTY, INTSUSABLEQTY, INTSBUYFROZENQTY, INTSSELLUSEDQTY, TDTOTALOPENAMT, TDTOTALOPENQTY, TDTOTALCLOSEAMT, TDTOTALCLOSEQTY, TDTOTALOPENFEE, TDTOTALCLOSEFEE, COVEREDFROZENQTY, COVEREDFROZENUSABLEQTY, COVEREDFROZENPOSITIONQTY, SETTLEPREVIOUSCOST, SETTLESTKVALUE, SETTLEPREVIOUSINCOME, EXCHRATE, CREDITINSHAREUSEDQTY, CREDITINSHAREQTY, CREDITOUTSHAREUSEDQTY, CREDITOUTSHAREQTY, NOUSEINITQTY, USEDUNFROZENQTY, FASTUPDATECNT, CREDITSPAREQTY, TDTOTALNOTBUYQTY, TDTOTALNOTSELLQTY, OCCURCREDITLOCKSHAREQTY, GAPFROZENQTY, ZRTTRANSQTY)
values ('0', '000011725200', '000011725200', 'A117252000', '焦振鹏主股东', 'A117252000', '502003', '军工LOF', 0, 0, 10.00000000, 115100.0000, 0.000, 100000, 100000, 0, 0, 0, 0, 0.000, 0.000, '00', 'C2', 'A0', '00W40', 0.0000, 0.000, 0, 0, 0, 0, 0, 0, 0, 0, 0, 0, 0, 0, 0, 0.00, '000001', 0, 0, 0, 0, 0, 0.000, 0, 0, 0, 0, 0, 0, 0, 0, 0, 0.000, 0, 0.000, 0, 0.000, 0.000, 0, 0, 0, 0.00000000, 0.0000, 0.000, 1.000000, 0, 0, 0, 0, 0, 0, 0, 0, 0, 0, 0, 0, 0);

insert into stklist (EXCHID, ACCTID, CUSTID, REGID, REGNAME, OFFERREGID, STKID, STKNAME, EXCHTRUSTEESHIPQTY, PREVIOUSQTY, PREVIOUSCOST, STKVALUE, PREVIOUSINCOME, USABLEQTY, CURRENTQTY, UNSALEABLEQTY, SELLFROZENQTY, BUYFROZENQTY, EXCEPTFROZENQTY, REALTIMECOST, REALTIMEINCOME, CURRENCYID, STKTYPE, TRADETYPE, DESKID, CURRENTSTKVALUE, NEWPRICE, ETFKNOCKQTY, SELLUSEDQTY, ETFUSEDQTY, NEEDSETTLEQTY, IMPAWNQTY, WARRANTUSEDQTY, BONDPLEDGEQTY, BONDPLEDGEUSABLEQTY, HOLDSTATUS, CREDITSHAREUSEDQTY, CURRENTCREDITSHAREQTY, CREDITSHAREFROZENQTY, GUARANTYQTY, CURRENTQTYF, CUSTBRANCHID, GOINGBUYQTY, TOTALSELLQTY, SELLLIMITQTY, WAITSETTLEQTY, EXCHFROZENQTY, DIVIDENDAMT, DIVIDENDQTY, AGREEREPOQTY, QBONDPLEDGEQTY, QBONDPLEDGEUSABLEQTY, EXCHSELLFROZENQTY, ETFPURCHASEFROZENQTY, INTSUSABLEQTY, INTSBUYFROZENQTY, INTSSELLUSEDQTY, TDTOTALOPENAMT, TDTOTALOPENQTY, TDTOTALCLOSEAMT, TDTOTALCLOSEQTY, TDTOTALOPENFEE, TDTOTALCLOSEFEE, COVEREDFROZENQTY, COVEREDFROZENUSABLEQTY, COVEREDFROZENPOSITIONQTY, SETTLEPREVIOUSCOST, SETTLESTKVALUE, SETTLEPREVIOUSINCOME, EXCHRATE, CREDITINSHAREUSEDQTY, CREDITINSHAREQTY, CREDITOUTSHAREUSEDQTY, CREDITOUTSHAREQTY, NOUSEINITQTY, USEDUNFROZENQTY, FASTUPDATECNT, CREDITSPAREQTY, TDTOTALNOTBUYQTY, TDTOTALNOTSELLQTY, OCCURCREDITLOCKSHAREQTY, GAPFROZENQTY, ZRTTRANSQTY)
values ('0', '000011725200', '000011725200', 'A117252000', '焦振鹏主股东', 'A117252000', '155228', '19中希01', 0, 0, 10.00000000, 104740273.9700, 0.000, 1000000, 1000000, 0, 0, 0, 0, 0.000, 0.000, '00', 'C5', 'A0', '00W40', 0.0000, 0.000, 0, 0, 0, 0, 0, 0, 0, 0, 0, 0, 0, 0, 0, 0.00, '000001', 0, 0, 0, 0, 0, 0.000, 0, 0, 0, 0, 0, 0, 0, 0, 0, 0.000, 0, 0.000, 0, 0.000, 0.000, 0, 0, 0, 0.00000000, 0.0000, 0.000, 1.000000, 0, 0, 0, 0, 0, 0, 0, 0, 0, 0, 0, 0, 0);

insert into stklist (EXCHID, ACCTID, CUSTID, REGID, REGNAME, OFFERREGID, STKID, STKNAME, EXCHTRUSTEESHIPQTY, PREVIOUSQTY, PREVIOUSCOST, STKVALUE, PREVIOUSINCOME, USABLEQTY, CURRENTQTY, UNSALEABLEQTY, SELLFROZENQTY, BUYFROZENQTY, EXCEPTFROZENQTY, REALTIMECOST, REALTIMEINCOME, CURRENCYID, STKTYPE, TRADETYPE, DESKID, CURRENTSTKVALUE, NEWPRICE, ETFKNOCKQTY, SELLUSEDQTY, ETFUSEDQTY, NEEDSETTLEQTY, IMPAWNQTY, WARRANTUSEDQTY, BONDPLEDGEQTY, BONDPLEDGEUSABLEQTY, HOLDSTATUS, CREDITSHAREUSEDQTY, CURRENTCREDITSHAREQTY, CREDITSHAREFROZENQTY, GUARANTYQTY, CURRENTQTYF, CUSTBRANCHID, GOINGBUYQTY, TOTALSELLQTY, SELLLIMITQTY, WAITSETTLEQTY, EXCHFROZENQTY, DIVIDENDAMT, DIVIDENDQTY, AGREEREPOQTY, QBONDPLEDGEQTY, QBONDPLEDGEUSABLEQTY, EXCHSELLFROZENQTY, ETFPURCHASEFROZENQTY, INTSUSABLEQTY, INTSBUYFROZENQTY, INTSSELLUSEDQTY, TDTOTALOPENAMT, TDTOTALOPENQTY, TDTOTALCLOSEAMT, TDTOTALCLOSEQTY, TDTOTALOPENFEE, TDTOTALCLOSEFEE, COVEREDFROZENQTY, COVEREDFROZENUSABLEQTY, COVEREDFROZENPOSITIONQTY, SETTLEPREVIOUSCOST, SETTLESTKVALUE, SETTLEPREVIOUSINCOME, EXCHRATE, CREDITINSHAREUSEDQTY, CREDITINSHAREQTY, CREDITOUTSHAREUSEDQTY, CREDITOUTSHAREQTY, NOUSEINITQTY, USEDUNFROZENQTY, FASTUPDATECNT, CREDITSPAREQTY, TDTOTALNOTBUYQTY, TDTOTALNOTSELLQTY, OCCURCREDITLOCKSHAREQTY, GAPFROZENQTY, ZRTTRANSQTY)
values ('0', '000011725200', '000011725200', 'A117252000', '焦振鹏主股东', 'A117252000', '010707', '07国债07', 0, 0, 10.00000000, 110000000.0000, 0.000, 1000000, 1000000, 0, 0, 0, 0, 0.000, 0.000, '00', 'A1', 'A0', '00W40', 0.0000, 0.000, 0, 0, 0, 0, 0, 0, 0, 0, 0, 0, 0, 0, 0, 0.00, '000001', 0, 0, 0, 0, 0, 0.000, 0, 0, 0, 0, 0, 0, 0, 0, 0, 0.000, 0, 0.000, 0, 0.000, 0.000, 0, 0, 0, 0.00000000, 0.0000, 0.000, 1.000000, 0, 0, 0, 0, 0, 0, 0, 0, 0, 0, 0, 0, 0);

insert into unduerepurchasebonds (ORDERTIME, ROLLBACKDATE, RECKONINGAMT, ROLLBACKAMT, ACCTID, CUSTID, EXCHID, REGID, OFFERREGID, STKID, KNOCKQTY, KNOCKPRICE, FINANCEORDERFLAG, CONTRACTNUM, KNOCKCODE, DESKID, ORDERQTY, ORDERPRICE, OPTID, OPTMODE, RETURNDATE, STKTYPE, DEPOSIT, TRANSACTIONREF, RMSTRADEID, INTERNALORDERTYPE, BONDID, CUSTBRANCHID, CREDITFUNDFLAG, SUBCLIENTID, EXTERIORACCTID, REPURCHASEDAY, TOTALKNOCKQTY, TOTALROLLBACKAMT, TARGETDESKID, REGISTERNO, KNOCKAMT, KNOCKTIME, PERMITPHONE, OPERATIONMAC, OFFERDESKID, FLAG, FIRSTSETTLEDATE, ROLLBACKSETTLEDATE, FIRSTRECKONINGDATE, DELAYFLAG, DELIVERYFLAG, CUSTOMERFEEID, RECKONINGSERIALNUM, OPTFLAG, PUBLICPARAVALUE)
values (20220504000000, 20220505000000, -15000.000, 15002.050, '000011725200', '000011725200', '0', 'A117252000', 'A117252000', '206007', 10000, 5.0000, 1, '106', '106', '00W40', 0, 0.0000, '99990', 'A0', 20220505000000, 'D6', 0.00, '000004456808', '', '', '502362', '', '0', '', '', 1, 0, 0.000, '', '债券协议回购交易清算', 15000.000, 20220504000000, '', '', '', 0, 0, 0, -1, 0, 1, '', '', 0, '');

insert into unduerepurchasebonds (ORDERTIME, ROLLBACKDATE, RECKONINGAMT, ROLLBACKAMT, ACCTID, CUSTID, EXCHID, REGID, OFFERREGID, STKID, KNOCKQTY, KNOCKPRICE, FINANCEORDERFLAG, CONTRACTNUM, KNOCKCODE, DESKID, ORDERQTY, ORDERPRICE, OPTID, OPTMODE, RETURNDATE, STKTYPE, DEPOSIT, TRANSACTIONREF, RMSTRADEID, INTERNALORDERTYPE, BONDID, CUSTBRANCHID, CREDITFUNDFLAG, SUBCLIENTID, EXTERIORACCTID, REPURCHASEDAY, TOTALKNOCKQTY, TOTALROLLBACKAMT, TARGETDESKID, REGISTERNO, KNOCKAMT, KNOCKTIME, PERMITPHONE, OPERATIONMAC, OFFERDESKID, FLAG, FIRSTSETTLEDATE, ROLLBACKSETTLEDATE, FIRSTRECKONINGDATE, DELAYFLAG, DELIVERYFLAG, CUSTOMERFEEID, RECKONINGSERIALNUM, OPTFLAG, PUBLICPARAVALUE)
values (20220504000000, 20220505000000, 15000.000, -15002.050, '000011721200', '000011721200', '0', 'A117212000', 'A117212000', '206007', 10000, 5.0000, 0, '108', '108', '00W40', 0, 0.0000, '99990', 'A0', 20220505000000, 'D6', 0.00, '000004456811', '', 'RZ', '502362', '', '0', '', '', 1, 0, 0.000, '', '债券协议回购交易清算', 15000.000, 20220504000000, '', '', '', 0, 0, 0, -1, 0, 1, '', '', 0, '');

insert into unduerepurchasebonds (ORDERTIME, ROLLBACKDATE, RECKONINGAMT, ROLLBACKAMT, ACCTID, CUSTID, EXCHID, REGID, OFFERREGID, STKID, KNOCKQTY, KNOCKPRICE, FINANCEORDERFLAG, CONTRACTNUM, KNOCKCODE, DESKID, ORDERQTY, ORDERPRICE, OPTID, OPTMODE, RETURNDATE, STKTYPE, DEPOSIT, TRANSACTIONREF, RMSTRADEID, INTERNALORDERTYPE, BONDID, CUSTBRANCHID, CREDITFUNDFLAG, SUBCLIENTID, EXTERIORACCTID, REPURCHASEDAY, TOTALKNOCKQTY, TOTALROLLBACKAMT, TARGETDESKID, REGISTERNO, KNOCKAMT, KNOCKTIME, PERMITPHONE, OPERATIONMAC, OFFERDESKID, FLAG, FIRSTSETTLEDATE, ROLLBACKSETTLEDATE, FIRSTRECKONINGDATE, DELAYFLAG, DELIVERYFLAG, CUSTOMERFEEID, RECKONINGSERIALNUM, OPTFLAG, PUBLICPARAVALUE)
values (20220504000000, 20220505000000, 4000000.000, -4000543.560, '000011721200', '000011721200', '0', 'A117212000', 'A117212000', '206021', 40000, 4.9600, 0, '957', '957', '00W40', 0, 0.0000, '99990', 'A0', 20220505000000, 'D6', 0.00, '000004456804', '', 'RZ', '155228', '', '0', '', '', 1, 0, 0.000, '', '债券协议回购交易清算', 4000000.000, 20220504000000, '', '', '', 0, 0, 0, -1, 0, 1, '', '', 0, '');

insert into unduerepurchasebonds (ORDERTIME, ROLLBACKDATE, RECKONINGAMT, ROLLBACKAMT, ACCTID, CUSTID, EXCHID, REGID, OFFERREGID, STKID, KNOCKQTY, KNOCKPRICE, FINANCEORDERFLAG, CONTRACTNUM, KNOCKCODE, DESKID, ORDERQTY, ORDERPRICE, OPTID, OPTMODE, RETURNDATE, STKTYPE, DEPOSIT, TRANSACTIONREF, RMSTRADEID, INTERNALORDERTYPE, BONDID, CUSTBRANCHID, CREDITFUNDFLAG, SUBCLIENTID, EXTERIORACCTID, REPURCHASEDAY, TOTALKNOCKQTY, TOTALROLLBACKAMT, TARGETDESKID, REGISTERNO, KNOCKAMT, KNOCKTIME, PERMITPHONE, OPERATIONMAC, OFFERDESKID, FLAG, FIRSTSETTLEDATE, ROLLBACKSETTLEDATE, FIRSTRECKONINGDATE, DELAYFLAG, DELIVERYFLAG, CUSTOMERFEEID, RECKONINGSERIALNUM, OPTFLAG, PUBLICPARAVALUE)
values (20220504000000, 20220505000000, -4000000.000, 4000543.560, '000011725200', '000011725200', '0', 'A117252000', 'A117252000', '206021', 40000, 4.9600, 1, '1416', '1416', '00W40', 0, 0.0000, '99990', 'A0', 20220505000000, 'D6', 0.00, '000004456806', '', '', '155228', '', '0', '', '', 1, 0, 0.000, '', '债券协议回购交易清算', 4000000.000, 20220504000000, '', '', '', 0, 0, 0, -1, 0, 1, '', '', 0, '');

insert into unduerepurchasebondshis (ORDERTIME, ROLLBACKDATE, RECKONINGAMT, ROLLBACKAMT, ACCTID, CUSTID, EXCHID, REGID, OFFERREGID, STKID, KNOCKQTY, KNOCKPRICE, FINANCEORDERFLAG, CONTRACTNUM, KNOCKCODE, DESKID, ORDERQTY, ORDERPRICE, OPTID, OPTMODE, RETURNDATE, STKTYPE, DEPOSIT, TRANSACTIONREF, RMSTRADEID, INTERNALORDERTYPE, BONDID, CUSTBRANCHID, CREDITFUNDFLAG, SUBCLIENTID, EXTERIORACCTID, REPURCHASEDAY, TOTALKNOCKQTY, TOTALROLLBACKAMT, TARGETDESKID, REGISTERNO, KNOCKAMT, KNOCKTIME, PERMITPHONE, OPERATIONMAC, OFFERDESKID, FLAG, FIRSTSETTLEDATE, ROLLBACKSETTLEDATE, FIRSTRECKONINGDATE, DELAYFLAG, DELIVERYFLAG, CUSTOMERFEEID, RECKONINGSERIALNUM, OPTFLAG, PUBLICPARAVALUE)
values (20220504000000, 20220505000000, -15000.000, 15002.050, '000011725200', '000011725200', '0', 'A117252000', 'A117252000', '206007', 10000, 5.0000, 1, '106', '106', '00W40', 0, 0.0000, '99990', 'A0', 20220505000000, 'D6', 0.00, '000004456808', '', '', '502362', '', '0', '', '', 1, 0, 0.000, '', '债券协议回购交易清算', 15000.000, 20220504000000, '', '', '', 0, 0, 0, -1, 0, 1, '', '', 0, '');

insert into unduerepurchasebondshis (ORDERTIME, ROLLBACKDATE, RECKONINGAMT, ROLLBACKAMT, ACCTID, CUSTID, EXCHID, REGID, OFFERREGID, STKID, KNOCKQTY, KNOCKPRICE, FINANCEORDERFLAG, CONTRACTNUM, KNOCKCODE, DESKID, ORDERQTY, ORDERPRICE, OPTID, OPTMODE, RETURNDATE, STKTYPE, DEPOSIT, TRANSACTIONREF, RMSTRADEID, INTERNALORDERTYPE, BONDID, CUSTBRANCHID, CREDITFUNDFLAG, SUBCLIENTID, EXTERIORACCTID, REPURCHASEDAY, TOTALKNOCKQTY, TOTALROLLBACKAMT, TARGETDESKID, REGISTERNO, KNOCKAMT, KNOCKTIME, PERMITPHONE, OPERATIONMAC, OFFERDESKID, FLAG, FIRSTSETTLEDATE, ROLLBACKSETTLEDATE, FIRSTRECKONINGDATE, DELAYFLAG, DELIVERYFLAG, CUSTOMERFEEID, RECKONINGSERIALNUM, OPTFLAG, PUBLICPARAVALUE)
values (20220504000000, 20220505000000, 15000.000, -15002.050, '000011721200', '000011721200', '0', 'A117212000', 'A117212000', '206007', 10000, 5.0000, 0, '108', '108', '00W40', 0, 0.0000, '99990', 'A0', 20220505000000, 'D6', 0.00, '000004456811', '', 'RZ', '502362', '', '0', '', '', 1, 0, 0.000, '', '债券协议回购交易清算', 15000.000, 20220504000000, '', '', '', 0, 0, 0, -1, 0, 1, '', '', 0, '');

insert into unduerepurchasebondshis (ORDERTIME, ROLLBACKDATE, RECKONINGAMT, ROLLBACKAMT, ACCTID, CUSTID, EXCHID, REGID, OFFERREGID, STKID, KNOCKQTY, KNOCKPRICE, FINANCEORDERFLAG, CONTRACTNUM, KNOCKCODE, DESKID, ORDERQTY, ORDERPRICE, OPTID, OPTMODE, RETURNDATE, STKTYPE, DEPOSIT, TRANSACTIONREF, RMSTRADEID, INTERNALORDERTYPE, BONDID, CUSTBRANCHID, CREDITFUNDFLAG, SUBCLIENTID, EXTERIORACCTID, REPURCHASEDAY, TOTALKNOCKQTY, TOTALROLLBACKAMT, TARGETDESKID, REGISTERNO, KNOCKAMT, KNOCKTIME, PERMITPHONE, OPERATIONMAC, OFFERDESKID, FLAG, FIRSTSETTLEDATE, ROLLBACKSETTLEDATE, FIRSTRECKONINGDATE, DELAYFLAG, DELIVERYFLAG, CUSTOMERFEEID, RECKONINGSERIALNUM, OPTFLAG, PUBLICPARAVALUE)
values (20220504000000, 20220505000000, 4000000.000, -4000543.560, '000011721200', '000011721200', '0', 'A117212000', 'A117212000', '206021', 40000, 4.9600, 0, '957', '957', '00W40', 0, 0.0000, '99990', 'A0', 20220505000000, 'D6', 0.00, '000004456804', '', 'RZ', '155228', '', '0', '', '', 1, 0, 0.000, '', '债券协议回购交易清算', 4000000.000, 20220504000000, '', '', '', 0, 0, 0, -1, 0, 1, '', '', 0, '');

insert into unduerepurchasebondshis (ORDERTIME, ROLLBACKDATE, RECKONINGAMT, ROLLBACKAMT, ACCTID, CUSTID, EXCHID, REGID, OFFERREGID, STKID, KNOCKQTY, KNOCKPRICE, FINANCEORDERFLAG, CONTRACTNUM, KNOCKCODE, DESKID, ORDERQTY, ORDERPRICE, OPTID, OPTMODE, RETURNDATE, STKTYPE, DEPOSIT, TRANSACTIONREF, RMSTRADEID, INTERNALORDERTYPE, BONDID, CUSTBRANCHID, CREDITFUNDFLAG, SUBCLIENTID, EXTERIORACCTID, REPURCHASEDAY, TOTALKNOCKQTY, TOTALROLLBACKAMT, TARGETDESKID, REGISTERNO, KNOCKAMT, KNOCKTIME, PERMITPHONE, OPERATIONMAC, OFFERDESKID, FLAG, FIRSTSETTLEDATE, ROLLBACKSETTLEDATE, FIRSTRECKONINGDATE, DELAYFLAG, DELIVERYFLAG, CUSTOMERFEEID, RECKONINGSERIALNUM, OPTFLAG, PUBLICPARAVALUE)
values (20220504000000, 20220505000000, -4000000.000, 4000543.560, '000011725200', '000011725200', '0', 'A117252000', 'A117252000', '206021', 40000, 4.9600, 1, '1416', '1416', '00W40', 0, 0.0000, '99990', 'A0', 20220505000000, 'D6', 0.00, '000004456806', '', '', '155228', '', '0', '', '', 1, 0, 0.000, '', '债券协议回购交易清算', 4000000.000, 20220504000000, '', '', '', 0, 0, 0, -1, 0, 1, '', '', 0, '');

