delete from registration where acctid in('000011721600','000011721601');
delete from account where acctid in('000011721600','000011721601');
delete from customer where custid in('000011721600','000011721601');

insert into customer (CUSTID, CUSTTYPE, CUSTCHAR, CUSTNAME, ORGNAME, PERSONALID, ADDRESS, EMAIL, POSTCODE, TELEPHONE, MOBILE, FAXNO, BRANCHID, OPTID, GRANTOPTMODELIST, BROKERID, ROLELIST, OPENDATE, LOGOUTDATE, GRANTBILLSENDLIST, IS680FLAG, SMSSENDFLAG, ALLPWDSYNCFLAG, NOTEPRINTFREQUENCY, COSTCENTERID, FINANCEID, MARGINLIMITAMT, CUSTSTATUS, AUDITOPTID, MEMO, FCIDMODIFYFLAG, CUSTOMERFEEID, UPDATEFEEIDFLAG, COSTMETHOD, CUSTGROUPID, CUSTODYMODE, CUSTSORTLIST, CERTIFICATETYPE, LEGALFLAG, COUNTRYCODE, PROHIBITOPTMODELIST, LOGINERRORCOUNT, STDCUSTID, CAID, TRADEPWDSTATUS, ACCTPWDSTATUS, TRADEPWDINITDATE, ACCTPWDINITDATE, TRUSTEEBANKID, CERTIDBEGIN, CERTIDEND, RISKBEARING, CERTADRESS, CUSTSPECCHARLIST, LOGINTIME, FUNDLOGINERRORCOUNT, CREDITLEVEL, CUSTRATEID, FUTBILLTYPE, CREDITFUNDFLAG, PRECANCELMODELIST, PREMODIFYMODELIST, MAINCUSTID, TYPEIDLIST, EXEOPTMODE, SYNCFLAGLIST)
values ('000011721600', 'A0', 0, '焦振鹏股转主股东', '21', '154851232', '', '', '', '', '', '', '000001', '99990', '55^A0^A1^A2^A4^A6^AO', '99998', 'A0', 20190319000000, -1, '', 0, 0, 1, 0, '00001', '5006Z8G0', -1.000, 0, '', '', 1, '111', 0, '3', '', '0', '', '0', 0, '', '', 0, '', '', 1, 1, -1, -1, '', -1, -1, '', '', '', -1, 0, '', '', '', '0', '', '', '000011721600', '', '', '');

insert into customer (CUSTID, CUSTTYPE, CUSTCHAR, CUSTNAME, ORGNAME, PERSONALID, ADDRESS, EMAIL, POSTCODE, TELEPHONE, MOBILE, FAXNO, BRANCHID, OPTID, GRANTOPTMODELIST, BROKERID, ROLELIST, OPENDATE, LOGOUTDATE, GRANTBILLSENDLIST, IS680FLAG, SMSSENDFLAG, ALLPWDSYNCFLAG, NOTEPRINTFREQUENCY, COSTCENTERID, FINANCEID, MARGINLIMITAMT, CUSTSTATUS, AUDITOPTID, MEMO, FCIDMODIFYFLAG, CUSTOMERFEEID, UPDATEFEEIDFLAG, COSTMETHOD, CUSTGROUPID, CUSTODYMODE, CUSTSORTLIST, CERTIFICATETYPE, LEGALFLAG, COUNTRYCODE, PROHIBITOPTMODELIST, LOGINERRORCOUNT, STDCUSTID, CAID, TRADEPWDSTATUS, ACCTPWDSTATUS, TRADEPWDINITDATE, ACCTPWDINITDATE, TRUSTEEBANKID, CERTIDBEGIN, CERTIDEND, RISKBEARING, CERTADRESS, CUSTSPECCHARLIST, LOGINTIME, FUNDLOGINERRORCOUNT, CREDITLEVEL, CUSTRATEID, FUTBILLTYPE, CREDITFUNDFLAG, PRECANCELMODELIST, PREMODIFYMODELIST, MAINCUSTID, TYPEIDLIST, EXEOPTMODE, SYNCFLAGLIST)
values ('000011721601', 'A0', 0, '焦振鹏股转虚拟股东', '154545', '154512', '', '', '', '', '', '', '000001', '99990', '55^A0^A1^A2^A4^A6^AO', '99998', 'A0', 20190319000000, -1, '', 0, 0, 1, 0, '00001', '5006Z8G1', -1.000, 0, '', '', 1, '111', 0, '3', '', '0', '', '0', 0, '', '', 0, '', '', 1, 1, -1, -1, '', -1, -1, '', '', '', -1, 0, '', '', '', '0', '', '', '000011721601', '', '', '');


insert into account (ACCTID, ACCTNAME, ACCTPWD, CUSTID, MAINACCTFLAG, CURRENCYID, STKVALUE, MINMARGIN, PREVIOUSAMT, CURRENTAMT, CURRENTAMTCHKSUM, USABLEAMT, TRADEFROZENAMT, EXCEPTFROZENAMT, UNCOMEAMT, UNDELIVERYFUNDUSEFLAG, CHKAMT, CHECKASCASHAMT, FINANCEAMT, OVERDRAFTLIMIT, OVERDRAFTINTEREST, OVERDRAFTINTERESTRATE, CHKSAVESUM, CHKFETCHSUM, CASHSAVESUM, CASHFETCHSUM, OPENDATE, LASTMODDATE, LASTPRINTDATE, FETCHMETHOD, DEPOSITRATE, RATEFLAG, DEPOSITINTEREST, DEPOSITSUM, INTEREST, INTERESTCOMPUTEDATE, INTERESTRATE, COOPPURCHASEFLAG, ACCTSTATUS, ACCTPERMITLIST, PERMITMAC, PERMITPHONE, BANKMORTGAGELOANAMT, SALESID, EXCEPTIONINTERESTAMT, AUDITOPTID, LOGOUTDATE, MEMO, MAGCARDID, EXTMAGCARDID, MAGCARDUSEDFLAG, UNLOCKDATE, INTERESTTYPEID, BEGININTERESTDATE, ENDINTERESTDATE, GETACCOUNTDATE, GETACCOUNTNUM, TRADECHECKFLAG, RECKONINGCHECKFLAG, NEEDSETTLEAMT, ACCUREDINTERESTAMT, INTERESTAMOUNT, LOGINERRORCOUNT, CREDITFUNDFLAG, SHTRADENETAMT, SZTRADENETAMT, YDMARGINUSEDAMT, MARGINUSEDAMT, REALTIMEAMT, CASHMOVEMENTAMT, CLOSEPNL, COMMISION, REALTIMEPNL, PLEDGEAMT, ACCTATRISKLEVEL, CUSTBRANCHID, EVERYPOSITIONPNL, EVERYRIGHTS, EVERYCURRENTAMT, FLOATPNL, EXCHMARGINUSEDAMT, EXCHCOMMISION, EXCHMORTGAGEUSABLEAMT, MORTGAGEUSABLEAMT, BASEMARGINUSEDAMT, CONTRACTAMTTOTAL, YDEXCHMORTGAGEUSABLEAMT, YDMORTGAGEUSABLEAMT, CONTRACTINTERESTAMOUNT, POSITIONCONTRACTAMT, BEGININGAMT, BUYTRADEFROZENAMT, SUBCUSTODYFLAG, MAINACCTID, ECONTRACTSIGNFLAG, TUSABLEAMT, TODAYREPOAMT, REPOAMT, ASSETAMT, LEVEL2FLAG, MULTINSTANCEID, DELIVERYMARGINAMT, DELIVERYCOMMISION, EXCHANGETOTALAMT, EXCHANGEUSEAMT, PREMIUM, EXCHANGEMARGINFROZEN, EXCHANGEMARGINUSED, EXCHANGECOMMISION, EXCHANGECOMMISIONFROZEN, EXCHANGECLOSEPNL, EXCHANGEREALTIMEPNL, OPTIONBUYOPENLIMITAMT, SUMPNL, T2EXTRAUSABLEAMT, INITCHGUSABLEAMT, INITCHGT2AMT, TOTALCOMMISIONFEE, OPENFROZMARGIN, EXTTRADEPWD, SUBCREDITFUNDFLAG, RSMARGINAMT, RSMARGINUSEDAMT, RSLENDCASHAMT, RSLENDCASHUSEDAMT, SZT2EXTRAUSABLEAMT, T1SHAREUSABLEAMT, USEDT1SHAREUSABLEDAMT, SZUSEDT1SHAREUSABLEDAMT, ACCESSMODE, OPTMARGINUSEDAMT, FASTUPDATECNT, UNDUEREPOAMT, CHANGEPWDDATE, CARRYFORWARDFLAG, CNYFUNDINGGAP, FOREIGNCURRENCYAMT, PREFOREIGNCURRENCYAMT, FOREIGNCURRENCYID, RELATEDACCTID)
values ('000011721600', '焦振鹏股转主股东', 'S5lEuv1P', '000011721600', 1, '00', 0.0000, 0.000, 9999990.000, 9999990.000, '', 9999990.000, 0.000, 0.000, 0.000, 0, 0.000, 0.000, 0.000, 0.000, 0.0000, 0.0000000000000, 0.000, 0.000, 0.000, 0.000, 20190319000000, -1, -1, '0', 0.0076000000, 1, 0.0000, 0.000, 0.000, -1, 0.050000, 0, 0, '', '', '', 0.000, '99999', 0.000, '', -1, '', '', '', 1, -1, 0, 20190115164725, 20190115164725, -1, 0, '1', '1', 0.000, 0.0000, 0.0000, 0, '0', 0.000, 0.000, 0.00, 0.00, 0.00, 0.00, 0.00, 0.00, 0.00, 0.00, '', '000001', 0.000, 0.000, 0.000, 0.000, 0.00, 0.00, 0.00, 0.00, 0.00, 0.00, 0.00, 0.00, 0.00, 0.00, 0.000, 0.000, 0, '000011721600', 'N', -10.000, 0.000, 0.000, -10.000, 'Level1', 0, 0.00, 0.00, 0.00, 0.00, 0.00, 0.00, 0.00, 0.00, 0.00, 0.00, 0.00, 0.000, 0.00, 0.000, 0.000, 0.000, 0.000, 0.000, '', '0', 0.000, 0.000, 0.000, 0.000, 0.000, 0.000, 0.000, 0.000, '0', 0.000, 0, 0.000, -1, 0, 0.000, 0.000, 0.000, '', '');

insert into account (ACCTID, ACCTNAME, ACCTPWD, CUSTID, MAINACCTFLAG, CURRENCYID, STKVALUE, MINMARGIN, PREVIOUSAMT, CURRENTAMT, CURRENTAMTCHKSUM, USABLEAMT, TRADEFROZENAMT, EXCEPTFROZENAMT, UNCOMEAMT, UNDELIVERYFUNDUSEFLAG, CHKAMT, CHECKASCASHAMT, FINANCEAMT, OVERDRAFTLIMIT, OVERDRAFTINTEREST, OVERDRAFTINTERESTRATE, CHKSAVESUM, CHKFETCHSUM, CASHSAVESUM, CASHFETCHSUM, OPENDATE, LASTMODDATE, LASTPRINTDATE, FETCHMETHOD, DEPOSITRATE, RATEFLAG, DEPOSITINTEREST, DEPOSITSUM, INTEREST, INTERESTCOMPUTEDATE, INTERESTRATE, COOPPURCHASEFLAG, ACCTSTATUS, ACCTPERMITLIST, PERMITMAC, PERMITPHONE, BANKMORTGAGELOANAMT, SALESID, EXCEPTIONINTERESTAMT, AUDITOPTID, LOGOUTDATE, MEMO, MAGCARDID, EXTMAGCARDID, MAGCARDUSEDFLAG, UNLOCKDATE, INTERESTTYPEID, BEGININTERESTDATE, ENDINTERESTDATE, GETACCOUNTDATE, GETACCOUNTNUM, TRADECHECKFLAG, RECKONINGCHECKFLAG, NEEDSETTLEAMT, ACCUREDINTERESTAMT, INTERESTAMOUNT, LOGINERRORCOUNT, CREDITFUNDFLAG, SHTRADENETAMT, SZTRADENETAMT, YDMARGINUSEDAMT, MARGINUSEDAMT, REALTIMEAMT, CASHMOVEMENTAMT, CLOSEPNL, COMMISION, REALTIMEPNL, PLEDGEAMT, ACCTATRISKLEVEL, CUSTBRANCHID, EVERYPOSITIONPNL, EVERYRIGHTS, EVERYCURRENTAMT, FLOATPNL, EXCHMARGINUSEDAMT, EXCHCOMMISION, EXCHMORTGAGEUSABLEAMT, MORTGAGEUSABLEAMT, BASEMARGINUSEDAMT, CONTRACTAMTTOTAL, YDEXCHMORTGAGEUSABLEAMT, YDMORTGAGEUSABLEAMT, CONTRACTINTERESTAMOUNT, POSITIONCONTRACTAMT, BEGININGAMT, BUYTRADEFROZENAMT, SUBCUSTODYFLAG, MAINACCTID, ECONTRACTSIGNFLAG, TUSABLEAMT, TODAYREPOAMT, REPOAMT, ASSETAMT, LEVEL2FLAG, MULTINSTANCEID, DELIVERYMARGINAMT, DELIVERYCOMMISION, EXCHANGETOTALAMT, EXCHANGEUSEAMT, PREMIUM, EXCHANGEMARGINFROZEN, EXCHANGEMARGINUSED, EXCHANGECOMMISION, EXCHANGECOMMISIONFROZEN, EXCHANGECLOSEPNL, EXCHANGEREALTIMEPNL, OPTIONBUYOPENLIMITAMT, SUMPNL, T2EXTRAUSABLEAMT, INITCHGUSABLEAMT, INITCHGT2AMT, TOTALCOMMISIONFEE, OPENFROZMARGIN, EXTTRADEPWD, SUBCREDITFUNDFLAG, RSMARGINAMT, RSMARGINUSEDAMT, RSLENDCASHAMT, RSLENDCASHUSEDAMT, SZT2EXTRAUSABLEAMT, T1SHAREUSABLEAMT, USEDT1SHAREUSABLEDAMT, SZUSEDT1SHAREUSABLEDAMT, ACCESSMODE, OPTMARGINUSEDAMT, FASTUPDATECNT, UNDUEREPOAMT, CHANGEPWDDATE, CARRYFORWARDFLAG, CNYFUNDINGGAP, FOREIGNCURRENCYAMT, PREFOREIGNCURRENCYAMT, FOREIGNCURRENCYID, RELATEDACCTID)
values ('000011721601', '焦振鹏股转虚拟股东', 'S5lEuv1P', '000011721601', 1, '00', 0.0000, 0.000, 9999990.000, 9999990.000, '', 9999990.000, 0.000, 0.000, 0.000, 0, 0.000, 0.000, 0.000, 0.000, 0.0000, 0.0000000000000, 0.000, 0.000, 10000000.000, 0.000, 20190319000000, -1, -1, '0', 0.0076000000, 1, 0.0000, 239999760.000, 0.000, -1, 0.050000, 0, 0, '', '', '', 0.000, '99999', 0.000, '', -1, '', '', '', 1, -1, 0, 20190115171303, 20190115171303, -1, 0, '1', '1', 0.000, 0.0000, 0.0000, 0, '0', 0.000, 0.000, 0.00, 0.00, 0.00, 0.00, 0.00, 0.00, 0.00, 0.00, '', '000001', 0.000, 0.000, 0.000, 0.000, 0.00, 0.00, 0.00, 0.00, 0.00, 0.00, 0.00, 0.00, 0.00, 0.00, 10000000.000, 0.000, 0, '000011721601', 'N', 9999990.000, 0.000, 0.000, 9999990.000, 'Level1', 0, 0.00, 0.00, 0.00, 0.00, 0.00, 0.00, 0.00, 0.00, 0.00, 0.00, 0.00, 0.000, 0.00, 0.000, 0.000, 0.000, 0.000, 0.000, '', '0', 0.000, 0.000, 0.000, 0.000, 0.000, 0.000, 0.000, 0.000, '0', 0.000, 0, 0.000, -1, 0, 0.000, 0.000, 0.000, '', '');


insert into registration (EXCHID, BRANCHID, ACCTID, CUSTID, REGMATCHNUM, REGID, OFFERREGID, REGNAME, REGTYPE, REGPERMITLIST, TRADEPWD, PERSONALID, FIXFLAG, REPURCHASEFIXFLAG, DESKID, AUTOSHAREFLAGLIST, AUTOQUOTAFLAG, LASTPRINTDATE, OPENDATE, EXPIREDATE, REGSTATUS, STKVALUE, CURRENCYID, OPTID, AUDITOPTID, GRANTSTKTYPELIST, STKTRADECHKFLAG, STKRECKCHKFLAG, SIIINO, BONDREGID, BONDREGTYPE, IDENTIFYID, MEMO, CREDITSTOCKFLAG, STDREGID, GEM_RISKSIGNTYPE, GEM_RISKSIGNDATE, GEM_RISKTRADEDATE, GEM_RISKSIGNRSLTFLAG, F_HEDGEFLAG, REPOAMT, UNIFIEDCODE, OPTIONREGPERMITLIST, SETTLESTKVALUE, PROGRAMTRADINGFLAG, BONDHGTZZOPENDATE, UNDUEREPOAMT, CHANGEPWDDATE, SFPOPENDATE, SYNCDATE, BOOKID, JPMACCOUNTID)
values ('6', '000001', '000011721600', '000011721600', 0, 'GZ11721600', 'GZ11721600', '焦振鹏股转主股东', '0', '', 'S5lEuv1P', '154851232', 0, 0, 'ANQ001', '', 0, -1, 20190319000000, -1, 0, 0.0000, '00', '99990', '', 'A0^A1^A2^A3^A4^A5^A8^A9^B0^B1^B2^B3^B5^B6^B8^B9^BA^BB^BC^BD^BE^BF^BG^C1^C2^C3^C4^C5^C6^C7^C8^D1^D4^D5^D6^D7^E1^E2^F1^Z0', '1', '1', '', '', '', '', '', '0', '', '', -1, -1, 0, 'SPEC', 0.000, '', '', 0.000, '0', -1, 0.000, -1, -1, -1, '', '');

insert into registration (EXCHID, BRANCHID, ACCTID, CUSTID, REGMATCHNUM, REGID, OFFERREGID, REGNAME, REGTYPE, REGPERMITLIST, TRADEPWD, PERSONALID, FIXFLAG, REPURCHASEFIXFLAG, DESKID, AUTOSHAREFLAGLIST, AUTOQUOTAFLAG, LASTPRINTDATE, OPENDATE, EXPIREDATE, REGSTATUS, STKVALUE, CURRENCYID, OPTID, AUDITOPTID, GRANTSTKTYPELIST, STKTRADECHKFLAG, STKRECKCHKFLAG, SIIINO, BONDREGID, BONDREGTYPE, IDENTIFYID, MEMO, CREDITSTOCKFLAG, STDREGID, GEM_RISKSIGNTYPE, GEM_RISKSIGNDATE, GEM_RISKTRADEDATE, GEM_RISKSIGNRSLTFLAG, F_HEDGEFLAG, REPOAMT, UNIFIEDCODE, OPTIONREGPERMITLIST, SETTLESTKVALUE, PROGRAMTRADINGFLAG, BONDHGTZZOPENDATE, UNDUEREPOAMT, CHANGEPWDDATE, SFPOPENDATE, SYNCDATE, BOOKID, JPMACCOUNTID)
values ('6', '000001', '000011721601', '000011721601', 0, 'GZ11721601', 'GZ11721600', '焦振鹏股转虚拟股东', '4', '', 'S5lEuv1P', '154512', 0, 0, 'ANQ001', '', 0, -1, 20190319000000, -1, 0, 0.0000, '00', '99990', '', 'A0^A1^A2^A3^A4^A5^A8^A9^B0^B1^B2^B3^B5^B6^B8^B9^BA^BB^BC^BD^BE^BF^BG^C1^C2^C3^C4^C5^C6^C7^C8^D1^D4^D5^D6^D7^E1^E2^F1^Z0', '1', '1', '', '', '', '', '', '0', '', '', -1, -1, 0, 'SPEC', 0.000, '', '', 0.000, '0', -1, 0.000, -1, -1, -1, '', '');




delete from registration where acctid ='010000510182';
delete from account where acctid ='010000510182';
delete from customer where custid ='010000510182';

insert into CUSTOMER (CUSTID, CUSTTYPE, CUSTCHAR, CUSTNAME, ORGNAME, PERSONALID, ADDRESS, EMAIL, POSTCODE, TELEPHONE, MOBILE, FAXNO, BRANCHID, OPTID, GRANTOPTMODELIST, BROKERID, ROLELIST, OPENDATE, LOGOUTDATE, GRANTBILLSENDLIST, IS680FLAG, SMSSENDFLAG, ALLPWDSYNCFLAG, NOTEPRINTFREQUENCY, COSTCENTERID, FINANCEID, MARGINLIMITAMT, CUSTSTATUS, AUDITOPTID, MEMO, FCIDMODIFYFLAG, CUSTOMERFEEID, UPDATEFEEIDFLAG, COSTMETHOD, CUSTGROUPID, CUSTODYMODE, CUSTSORTLIST, CERTIFICATETYPE, LEGALFLAG, COUNTRYCODE, PROHIBITOPTMODELIST, LOGINERRORCOUNT, STDCUSTID, CAID, TRADEPWDSTATUS, ACCTPWDSTATUS, TRADEPWDINITDATE, ACCTPWDINITDATE, TRUSTEEBANKID, CERTIDBEGIN, CERTIDEND, RISKBEARING, CERTADRESS, CUSTSPECCHARLIST, LOGINTIME, FUNDLOGINERRORCOUNT, CREDITLEVEL, CUSTRATEID, FUTBILLTYPE, CREDITFUNDFLAG, PRECANCELMODELIST, PREMODIFYMODELIST, MAINCUSTID, TYPEIDLIST, EXEOPTMODE, SYNCFLAGLIST)
values ('010000510182', 'A0', 0, '焦振鹏三板独立席位股东', '焦振鹏三板独立席位股东', '000000', null, null, null, null, null, null, '000016', '78280', 'A0^A1', '99998', 'A0', 20140808102433, -1, null, 0, 0, 0, 0, '00001', '5000AXNQ', -1.000, 0, null, null, 1, '001', 1, '3', null, '0', null, '0', 0, null, null, 0, null, null, 1, 1, -1, -1, null, -1, -1, null, null, null, 20150428090738, 0, null, null, null, '0', null, null, '010000510182', null, null, null);


insert into ACCOUNT (ACCTID, ACCTNAME, ACCTPWD, CUSTID, MAINACCTFLAG, CURRENCYID, STKVALUE, MINMARGIN, PREVIOUSAMT, CURRENTAMT, CURRENTAMTCHKSUM, USABLEAMT, TRADEFROZENAMT, EXCEPTFROZENAMT, UNCOMEAMT, UNDELIVERYFUNDUSEFLAG, CHKAMT, CHECKASCASHAMT, FINANCEAMT, OVERDRAFTLIMIT, OVERDRAFTINTEREST, OVERDRAFTINTERESTRATE, CHKSAVESUM, CHKFETCHSUM, CASHSAVESUM, CASHFETCHSUM, OPENDATE, LASTMODDATE, LASTPRINTDATE, FETCHMETHOD, DEPOSITRATE, RATEFLAG, DEPOSITINTEREST, DEPOSITSUM, INTEREST, INTERESTCOMPUTEDATE, INTERESTRATE, COOPPURCHASEFLAG, ACCTSTATUS, ACCTPERMITLIST, PERMITMAC, PERMITPHONE, BANKMORTGAGELOANAMT, SALESID, EXCEPTIONINTERESTAMT, AUDITOPTID, LOGOUTDATE, MEMO, MAGCARDID, EXTMAGCARDID, MAGCARDUSEDFLAG, UNLOCKDATE, INTERESTTYPEID, BEGININTERESTDATE, ENDINTERESTDATE, GETACCOUNTDATE, GETACCOUNTNUM, TRADECHECKFLAG, RECKONINGCHECKFLAG, NEEDSETTLEAMT, ACCUREDINTERESTAMT, INTERESTAMOUNT, LOGINERRORCOUNT, CREDITFUNDFLAG, SHTRADENETAMT, SZTRADENETAMT, YDMARGINUSEDAMT, MARGINUSEDAMT, REALTIMEAMT, CASHMOVEMENTAMT, CLOSEPNL, COMMISION, REALTIMEPNL, PLEDGEAMT, ACCTATRISKLEVEL, CUSTBRANCHID, EVERYPOSITIONPNL, EVERYRIGHTS, EVERYCURRENTAMT, FLOATPNL, EXCHMARGINUSEDAMT, EXCHCOMMISION, EXCHMORTGAGEUSABLEAMT, MORTGAGEUSABLEAMT, BASEMARGINUSEDAMT, CONTRACTAMTTOTAL, YDEXCHMORTGAGEUSABLEAMT, YDMORTGAGEUSABLEAMT, CONTRACTINTERESTAMOUNT, POSITIONCONTRACTAMT, BEGININGAMT, BUYTRADEFROZENAMT, SUBCUSTODYFLAG, MAINACCTID, ECONTRACTSIGNFLAG, TUSABLEAMT, TODAYREPOAMT, REPOAMT, ASSETAMT, LEVEL2FLAG, MULTINSTANCEID, DELIVERYMARGINAMT, DELIVERYCOMMISION, EXCHANGETOTALAMT, EXCHANGEUSEAMT, PREMIUM, EXCHANGEMARGINFROZEN, EXCHANGEMARGINUSED, EXCHANGECOMMISION, EXCHANGECOMMISIONFROZEN, EXCHANGECLOSEPNL, EXCHANGEREALTIMEPNL, OPTIONBUYOPENLIMITAMT, SUMPNL, T2EXTRAUSABLEAMT, INITCHGUSABLEAMT, INITCHGT2AMT, TOTALCOMMISIONFEE, OPENFROZMARGIN, EXTTRADEPWD, SUBCREDITFUNDFLAG, RSMARGINAMT, RSMARGINUSEDAMT, RSLENDCASHAMT, RSLENDCASHUSEDAMT, SZT2EXTRAUSABLEAMT, T1SHAREUSABLEAMT, USEDT1SHAREUSABLEDAMT, SZUSEDT1SHAREUSABLEDAMT, ACCESSMODE, OPTMARGINUSEDAMT, FASTUPDATECNT, UNDUEREPOAMT, CHANGEPWDDATE, CARRYFORWARDFLAG, CNYFUNDINGGAP, FOREIGNCURRENCYAMT, PREFOREIGNCURRENCYAMT, FOREIGNCURRENCYID, RELATEDACCTID, MORTGAGEAMT, MORTGAGECHGAMT, MORTGAGEMARGINAMT, MORTGAGEAVAILABLEAMT, EXCHMORTGAGEAVAILABLEAMT, TOTALMORTGAGEAMT)
values ('010000510182', '焦振鹏三板独立席位股东', 'Sp1FuPtL', '010000510182', 1, '00', -14999998.500, 0.000, 618771400.890, 618771400.890, null, 618771400.890, 0.000, 0.000, 0.000, 0, 0.000, 0.000, 0.000, 0.000, 0.0000, 0.0000000000000, 1355817140.470, 1210290552.220, 0.000, 122000000.000, 20210713000000, -1, -1, '0', 0.0000000000, 1, 0.0000, 39982598256.070, 0.000, -1, 0.000000, 0, 0, null, null, null, 0.000, '99999', 0.000, null, -1, null, null, null, 1, -1, 0, 20140808102433, 20140808102433, -1, 0, '1', '1', 0.000, 0.0000, 0.0000, 0, '0', 0.000, 0.000, 0.00, 0.00, 0.00, 0.00, 0.00, 0.00, 0.00, 0.00, null, '000016', 0.000, 0.000, 0.000, 0.000, 0.00, 0.00, 0.00, 0.00, 0.00, 0.00, 0.00, 0.00, 0.00, 0.00, 135526588.250, 0.000, 0, '010000510182', 'N', 618771400.890, 0.000, 0.000, 603771402.390, 'Level1', 0, 0.00, 0.00, 0.00, 0.00, 0.00, 0.00, 0.00, 0.00, 0.00, 0.00, 0.00, 0.000, 8417052972790.70, 0.000, 0.000, 0.000, 8231839.440, 0.000, 'S5pHu/hJ', '0', 0.000, 0.000, 0.000, 0.000, 0.000, 0.000, 0.000, 0.000, '0', 0.000, 0, 0.000, 20170728000000, 0, 0.000, 0.000, 0.000, null, null, 0.000, 0.000, 0.000, 0.000, 0.000, 0.000);


insert into REGISTRATION (EXCHID, BRANCHID, ACCTID, CUSTID, REGMATCHNUM, REGID, OFFERREGID, REGNAME, REGTYPE, REGPERMITLIST, TRADEPWD, PERSONALID, FIXFLAG, REPURCHASEFIXFLAG, DESKID, AUTOSHAREFLAGLIST, AUTOQUOTAFLAG, LASTPRINTDATE, OPENDATE, EXPIREDATE, REGSTATUS, STKVALUE, CURRENCYID, OPTID, AUDITOPTID, GRANTSTKTYPELIST, STKTRADECHKFLAG, STKRECKCHKFLAG, SIIINO, BONDREGID, BONDREGTYPE, IDENTIFYID, MEMO, CREDITSTOCKFLAG, STDREGID, GEM_RISKSIGNTYPE, GEM_RISKSIGNDATE, GEM_RISKTRADEDATE, GEM_RISKSIGNRSLTFLAG, F_HEDGEFLAG, REPOAMT, UNIFIEDCODE, OPTIONREGPERMITLIST, SETTLESTKVALUE, PROGRAMTRADINGFLAG, BONDHGTZZOPENDATE, UNDUEREPOAMT, CHANGEPWDDATE, SFPOPENDATE, SYNCDATE, BOOKID, JPMACCOUNTID, KEEPCOMBINATIONFLAG, PAUSETRADESTATUS, TRUSTEEDESKID)
values ('6', '000016', '010000510182', '010000510182', 0, '0899065379', '0899065379', '焦振鹏三板独立席位股东', '3', '4^5^8^9^A^B^7', 'S5pHu/hJ', '100000000018305', 0, 0, '721802', null, 0, -1, 20140808102852, -1, 0, -14999998.5000, '00', '78280', null, 'A0^A1^A2^A3^A4^A5^A8^A9^B0^B8^B9^BA^BB^BC^BE^C2^C3^C4^C5^C6^C7^C8^D1^D4^F1^Z0^Z1', '1', '1', null, null, null, null, null, '0', null, null, -1, -1, 0, 'SPEC', 0.000, null, null, -14999998.500, '0', -1, 0.000, 20170728000000, -1, -1, null, null, null, 'N', null);

--北交所限售股所得税挂账股东
delete from registration where custid='000000003699';
delete from account where custid='000000003699';
delete from customer where custid='000000003699';

insert into customer (CUSTID, CUSTTYPE, CUSTCHAR, CUSTNAME, ORGNAME, PERSONALID, ADDRESS, EMAIL, POSTCODE, TELEPHONE, MOBILE, FAXNO, BRANCHID, OPTID, GRANTOPTMODELIST, BROKERID, ROLELIST, OPENDATE, LOGOUTDATE, GRANTBILLSENDLIST, IS680FLAG, SMSSENDFLAG, ALLPWDSYNCFLAG, NOTEPRINTFREQUENCY, COSTCENTERID, FINANCEID, MARGINLIMITAMT, CUSTSTATUS, AUDITOPTID, MEMO, FCIDMODIFYFLAG, CUSTOMERFEEID, UPDATEFEEIDFLAG, COSTMETHOD, CUSTGROUPID, CUSTODYMODE, CUSTSORTLIST, CERTIFICATETYPE, LEGALFLAG, COUNTRYCODE, PROHIBITOPTMODELIST, LOGINERRORCOUNT, STDCUSTID, CAID, TRADEPWDSTATUS, ACCTPWDSTATUS, TRADEPWDINITDATE, ACCTPWDINITDATE, TRUSTEEBANKID, CERTIDBEGIN, CERTIDEND, RISKBEARING, CERTADRESS, CUSTSPECCHARLIST, LOGINTIME, FUNDLOGINERRORCOUNT, CREDITLEVEL, CUSTRATEID, FUTBILLTYPE, CREDITFUNDFLAG, PRECANCELMODELIST, PREMODIFYMODELIST, MAINCUSTID, TYPEIDLIST, EXEOPTMODE, SYNCFLAGLIST)
values ('000000003699', 'A0', 0, '璐璐', 'banbenceshi', '123', null, null, null, null, null, null, '000003', '19890511', '55^A0^A1^A2^A4^A6^AO', '99998', 'A0', 20190109130006, -1, null, 0, 0, 1, 0, '00001', '500002UR', -1.000, 0, '99990', null, 1, '111', 0, '3', null, '5', null, '0', 2, null, null, 0, null, null, 1, 1, -1, -1, null, -1, -1, null, null, null, -1, 0, null, null, null, '0', null, null, '000000003699', null, null, null);

insert into account (ACCTID, ACCTNAME, ACCTPWD, CUSTID, MAINACCTFLAG, CURRENCYID, STKVALUE, MINMARGIN, PREVIOUSAMT, CURRENTAMT, CURRENTAMTCHKSUM, USABLEAMT, TRADEFROZENAMT, EXCEPTFROZENAMT, UNCOMEAMT, UNDELIVERYFUNDUSEFLAG, CHKAMT, CHECKASCASHAMT, FINANCEAMT, OVERDRAFTLIMIT, OVERDRAFTINTEREST, OVERDRAFTINTERESTRATE, CHKSAVESUM, CHKFETCHSUM, CASHSAVESUM, CASHFETCHSUM, OPENDATE, LASTMODDATE, LASTPRINTDATE, FETCHMETHOD, DEPOSITRATE, RATEFLAG, DEPOSITINTEREST, DEPOSITSUM, INTEREST, INTERESTCOMPUTEDATE, INTERESTRATE, COOPPURCHASEFLAG, ACCTSTATUS, ACCTPERMITLIST, PERMITMAC, PERMITPHONE, BANKMORTGAGELOANAMT, SALESID, EXCEPTIONINTERESTAMT, AUDITOPTID, LOGOUTDATE, MEMO, MAGCARDID, EXTMAGCARDID, MAGCARDUSEDFLAG, UNLOCKDATE, INTERESTTYPEID, BEGININTERESTDATE, ENDINTERESTDATE, GETACCOUNTDATE, GETACCOUNTNUM, TRADECHECKFLAG, RECKONINGCHECKFLAG, NEEDSETTLEAMT, ACCUREDINTERESTAMT, INTERESTAMOUNT, LOGINERRORCOUNT, CREDITFUNDFLAG, SHTRADENETAMT, SZTRADENETAMT, YDMARGINUSEDAMT, MARGINUSEDAMT, REALTIMEAMT, CASHMOVEMENTAMT, CLOSEPNL, COMMISION, REALTIMEPNL, PLEDGEAMT, ACCTATRISKLEVEL, CUSTBRANCHID, EVERYPOSITIONPNL, EVERYRIGHTS, EVERYCURRENTAMT, FLOATPNL, EXCHMARGINUSEDAMT, EXCHCOMMISION, EXCHMORTGAGEUSABLEAMT, MORTGAGEUSABLEAMT, BASEMARGINUSEDAMT, CONTRACTAMTTOTAL, YDEXCHMORTGAGEUSABLEAMT, YDMORTGAGEUSABLEAMT, CONTRACTINTERESTAMOUNT, POSITIONCONTRACTAMT, BEGININGAMT, BUYTRADEFROZENAMT, SUBCUSTODYFLAG, MAINACCTID, ECONTRACTSIGNFLAG, TUSABLEAMT, TODAYREPOAMT, REPOAMT, ASSETAMT, LEVEL2FLAG, MULTINSTANCEID, DELIVERYMARGINAMT, DELIVERYCOMMISION, EXCHANGETOTALAMT, EXCHANGEUSEAMT, PREMIUM, EXCHANGEMARGINFROZEN, EXCHANGEMARGINUSED, EXCHANGECOMMISION, EXCHANGECOMMISIONFROZEN, EXCHANGECLOSEPNL, EXCHANGEREALTIMEPNL, OPTIONBUYOPENLIMITAMT, SUMPNL, T2EXTRAUSABLEAMT, INITCHGUSABLEAMT, INITCHGT2AMT, TOTALCOMMISIONFEE, OPENFROZMARGIN, EXTTRADEPWD, SUBCREDITFUNDFLAG, RSMARGINAMT, RSMARGINUSEDAMT, RSLENDCASHAMT, RSLENDCASHUSEDAMT, SZT2EXTRAUSABLEAMT, T1SHAREUSABLEAMT, USEDT1SHAREUSABLEDAMT, SZUSEDT1SHAREUSABLEDAMT, ACCESSMODE, OPTMARGINUSEDAMT, FASTUPDATECNT, UNDUEREPOAMT, CHANGEPWDDATE, CARRYFORWARDFLAG, CNYFUNDINGGAP, FOREIGNCURRENCYAMT, PREFOREIGNCURRENCYAMT, FOREIGNCURRENCYID, RELATEDACCTID, MORTGAGEAMT, MORTGAGECHGAMT, MORTGAGEMARGINAMT, MORTGAGEAVAILABLEAMT, EXCHMORTGAGEAVAILABLEAMT, TOTALMORTGAGEAMT)
values ('000000003699', '璐璐', 'S5pEuPpL', '000000003699', 1, '00', 0.000, 0.000, 10000000.000, 10000000.000, null, 100.000, 0.000, 9999900.000, 0.000, 0, 0.000, 0.000, 0.000, 0.000, 0.0000, 0.0000000000000, 0.000, 0.000, 99999999999.000, 0.000, 20210713000000, -1, -1, '0', 0.0076000000, 1, 0.0000, 1630000000.000, 0.000, -1, 0.050000, 0, 0, null, null, null, 0.000, '99999', 0.000, null, -1, null, null, null, 1, -1, 0, 20190109130006, 20190109130006, -1, 0, '1', '1', 0.000, 0.0000, 0.0000, 0, '0', 0.000, 0.000, 0.00, 0.00, 0.00, 0.00, 0.00, 0.00, 0.00, 0.00, null, '000003', 0.000, 0.000, 0.000, 0.000, 0.00, 0.00, 0.00, 0.00, 0.00, 0.00, 0.00, 0.00, 0.00, 0.00, 99999999999.000, 0.000, 0, '000000003699', 'N', 10000000.000, 0.000, 0.000, 10000000.000, 'Level1', 0, 0.00, 0.00, 0.00, 0.00, 0.00, 0.00, 0.00, 0.00, 0.00, 0.00, 0.00, 0.000, 1944.97, 0.000, 0.000, 0.000, 578519.650, 0.000, null, null, 0.000, 0.000, 0.000, 0.000, 0.000, 0.000, 0.000, 0.000, '0', 0.000, 0, 0.000, -1, 0, 0.000, 0.000, 0.000, null, null, 0.000, 0.000, 0.000, 0.000, 0.000, 0.000);

insert into registration (EXCHID, BRANCHID, ACCTID, CUSTID, REGMATCHNUM, REGID, OFFERREGID, REGNAME, REGTYPE, REGPERMITLIST, TRADEPWD, PERSONALID, FIXFLAG, REPURCHASEFIXFLAG, DESKID, AUTOSHAREFLAGLIST, AUTOQUOTAFLAG, LASTPRINTDATE, OPENDATE, EXPIREDATE, REGSTATUS, STKVALUE, CURRENCYID, OPTID, AUDITOPTID, GRANTSTKTYPELIST, STKTRADECHKFLAG, STKRECKCHKFLAG, SIIINO, BONDREGID, BONDREGTYPE, IDENTIFYID, MEMO, CREDITSTOCKFLAG, STDREGID, GEM_RISKSIGNTYPE, GEM_RISKSIGNDATE, GEM_RISKTRADEDATE, GEM_RISKSIGNRSLTFLAG, F_HEDGEFLAG, REPOAMT, UNIFIEDCODE, OPTIONREGPERMITLIST, SETTLESTKVALUE, PROGRAMTRADINGFLAG, BONDHGTZZOPENDATE, UNDUEREPOAMT, CHANGEPWDDATE, SFPOPENDATE, SYNCDATE, BOOKID, JPMACCOUNTID, KEEPCOMBINATIONFLAG, PAUSETRADESTATUS, TRUSTEEDESKID)
values ('6', '000003', '000000003699', '000000003699', 0, '1999999999', '1999999999', '璐璐', '0', null, 'S5pEuPpL', '123', 0, 0, 'ANQ001', null, 0, -1, 20190212134854, -1, 0, 0.0000, '00', '19890511', null, 'A0^A1^A2^A3^A4^A5^A8^A9^B0^B1^B2^B3^B5^B6^B8^B9^BA^BB^BC^BD^BE^BF^BG^C1^C2^C3^C4^C5^C6^C7^C8^D1^D4^D5^D6^D7^F1^Z0', '1', '1', null, null, null, null, null, '0', null, null, -1, -1, 0, 'SPEC', 0.000, null, null, 0.000, '0', -1, 0.000, -1, -1, -1, null, null, null, 'N', null);



delete from  registration where  acctid in ('999900000004','000000000260','000000000275','000000000415')and exchid = '6';
delete from  account where acctid in ('999900000004','000000000260','000000000275','000000000415')  and currencyid='00';
delete from  customer where custid in ('999900000004','000000000260','000000000275','000000000415') ;


insert into customer (CUSTID, CUSTTYPE, CUSTCHAR, CUSTNAME, ORGNAME, PERSONALID, ADDRESS, EMAIL, POSTCODE, TELEPHONE, MOBILE, FAXNO, BRANCHID, OPTID, GRANTOPTMODELIST, BROKERID, ROLELIST, OPENDATE, LOGOUTDATE, GRANTBILLSENDLIST, IS680FLAG, SMSSENDFLAG, ALLPWDSYNCFLAG, NOTEPRINTFREQUENCY, COSTCENTERID, FINANCEID, MARGINLIMITAMT, CUSTSTATUS, AUDITOPTID, MEMO, FCIDMODIFYFLAG, CUSTOMERFEEID, UPDATEFEEIDFLAG, COSTMETHOD, CUSTGROUPID, CUSTODYMODE, CUSTSORTLIST, CERTIFICATETYPE, LEGALFLAG, COUNTRYCODE, PROHIBITOPTMODELIST, LOGINERRORCOUNT, STDCUSTID, CAID, TRADEPWDSTATUS, ACCTPWDSTATUS, TRADEPWDINITDATE, ACCTPWDINITDATE, TRUSTEEBANKID, CERTIDBEGIN, CERTIDEND, RISKBEARING, CERTADRESS, CUSTSPECCHARLIST, LOGINTIME, FUNDLOGINERRORCOUNT, CREDITLEVEL, CUSTRATEID, FUTBILLTYPE, CREDITFUNDFLAG, PRECANCELMODELIST, PREMODIFYMODELIST, MAINCUSTID, TYPEIDLIST, EXEOPTMODE, SYNCFLAGLIST)
values ('000000000260', 'A0', 0, 'ryk', '1', '46546545465465', '1', '', '100048', '15529053607', '15529053607', '000000', 'qwgrp0', '45645', 'A0^A1^A4^AO^AP^AQ', '99998', 'A0', 20151117173656, -1, '1^2^3', 0, 0, 1, 0, 'qwgrp', '50000078', -1.000, 0, '', '1', 1, 'ryk', 0, '3', '', '5', '', 'P', 1, '', '', 0, '000000003250', '85213', 1, 1, -1, -1, '', 20151201000000, 30001231000000, '', '1', 'A0', 20170525113904, 0, '', '', '', '0', '', '', '000000000260', '', '', '');

insert into customer (CUSTID, CUSTTYPE, CUSTCHAR, CUSTNAME, ORGNAME, PERSONALID, ADDRESS, EMAIL, POSTCODE, TELEPHONE, MOBILE, FAXNO, BRANCHID, OPTID, GRANTOPTMODELIST, BROKERID, ROLELIST, OPENDATE, LOGOUTDATE, GRANTBILLSENDLIST, IS680FLAG, SMSSENDFLAG, ALLPWDSYNCFLAG, NOTEPRINTFREQUENCY, COSTCENTERID, FINANCEID, MARGINLIMITAMT, CUSTSTATUS, AUDITOPTID, MEMO, FCIDMODIFYFLAG, CUSTOMERFEEID, UPDATEFEEIDFLAG, COSTMETHOD, CUSTGROUPID, CUSTODYMODE, CUSTSORTLIST, CERTIFICATETYPE, LEGALFLAG, COUNTRYCODE, PROHIBITOPTMODELIST, LOGINERRORCOUNT, STDCUSTID, CAID, TRADEPWDSTATUS, ACCTPWDSTATUS, TRADEPWDINITDATE, ACCTPWDINITDATE, TRUSTEEBANKID, CERTIDBEGIN, CERTIDEND, RISKBEARING, CERTADRESS, CUSTSPECCHARLIST, LOGINTIME, FUNDLOGINERRORCOUNT, CREDITLEVEL, CUSTRATEID, FUTBILLTYPE, CREDITFUNDFLAG, PRECANCELMODELIST, PREMODIFYMODELIST, MAINCUSTID, TYPEIDLIST, EXEOPTMODE, SYNCFLAGLIST)
values ('000000000275', 'A1', 0, 'ryk', '陕西中医', '46546545465465', '陕西省咸阳市秦都区卫清大道23号', '25041894@qq.com', '100048', '86253375', '15529063607', '86259635', 'qwgrp0', '45645', 'A0^AO^AP^AQ', '99998', 'JG25', 20151127141612, -1, '1^2^3', 0, 0, 1, 3, '00001', '5000007N', -1.000, 0, '', '陕西中医学院', 1, '', 0, '3', '', '5', '', '0', 0, '', '', 0, '000000000260', '', 1, 1, -1, -1, '', 20160501000000, 30001231000000, '', '陕西', 'A0', -1, 0, '', '', '', '2', '', '', '000000000275', '', '1', '');

insert into customer (CUSTID, CUSTTYPE, CUSTCHAR, CUSTNAME, ORGNAME, PERSONALID, ADDRESS, EMAIL, POSTCODE, TELEPHONE, MOBILE, FAXNO, BRANCHID, OPTID, GRANTOPTMODELIST, BROKERID, ROLELIST, OPENDATE, LOGOUTDATE, GRANTBILLSENDLIST, IS680FLAG, SMSSENDFLAG, ALLPWDSYNCFLAG, NOTEPRINTFREQUENCY, COSTCENTERID, FINANCEID, MARGINLIMITAMT, CUSTSTATUS, AUDITOPTID, MEMO, FCIDMODIFYFLAG, CUSTOMERFEEID, UPDATEFEEIDFLAG, COSTMETHOD, CUSTGROUPID, CUSTODYMODE, CUSTSORTLIST, CERTIFICATETYPE, LEGALFLAG, COUNTRYCODE, PROHIBITOPTMODELIST, LOGINERRORCOUNT, STDCUSTID, CAID, TRADEPWDSTATUS, ACCTPWDSTATUS, TRADEPWDINITDATE, ACCTPWDINITDATE, TRUSTEEBANKID, CERTIDBEGIN, CERTIDEND, RISKBEARING, CERTADRESS, CUSTSPECCHARLIST, LOGINTIME, FUNDLOGINERRORCOUNT, CREDITLEVEL, CUSTRATEID, FUTBILLTYPE, CREDITFUNDFLAG, PRECANCELMODELIST, PREMODIFYMODELIST, MAINCUSTID, TYPEIDLIST, EXEOPTMODE, SYNCFLAGLIST)
values ('000000000415', 'A0', 0, 'dym_bb', '版本环境', '0415', '', '', '', '', '', '', '000001', '00415', '55^A0^A1^A2^A4^A6^AO^AP', '99998', 'A0', 20180725140527, -1, '', 0, 0, 1, 0, '00001', '500000BJ', -1.000, 0, '', '', 1, 'du', 0, '3', '', '0', '', '0', 2, '', '', 0, '', '', 1, 1, -1, -1, '', -1, -1, '', '', '', 20190228200913, 0, '', '', '', '0', '', '', '000000000415', '', '', '');

insert into customer (CUSTID, CUSTTYPE, CUSTCHAR, CUSTNAME, ORGNAME, PERSONALID, ADDRESS, EMAIL, POSTCODE, TELEPHONE, MOBILE, FAXNO, BRANCHID, OPTID, GRANTOPTMODELIST, BROKERID, ROLELIST, OPENDATE, LOGOUTDATE, GRANTBILLSENDLIST, IS680FLAG, SMSSENDFLAG, ALLPWDSYNCFLAG, NOTEPRINTFREQUENCY, COSTCENTERID, FINANCEID, MARGINLIMITAMT, CUSTSTATUS, AUDITOPTID, MEMO, FCIDMODIFYFLAG, CUSTOMERFEEID, UPDATEFEEIDFLAG, COSTMETHOD, CUSTGROUPID, CUSTODYMODE, CUSTSORTLIST, CERTIFICATETYPE, LEGALFLAG, COUNTRYCODE, PROHIBITOPTMODELIST, LOGINERRORCOUNT, STDCUSTID, CAID, TRADEPWDSTATUS, ACCTPWDSTATUS, TRADEPWDINITDATE, ACCTPWDINITDATE, TRUSTEEBANKID, CERTIDBEGIN, CERTIDEND, RISKBEARING, CERTADRESS, CUSTSPECCHARLIST, LOGINTIME, FUNDLOGINERRORCOUNT, CREDITLEVEL, CUSTRATEID, FUTBILLTYPE, CREDITFUNDFLAG, PRECANCELMODELIST, PREMODIFYMODELIST, MAINCUSTID, TYPEIDLIST, EXEOPTMODE, SYNCFLAGLIST)
values ('999900000004', '11', 0, 'qina5', '', '511902198609300126', '', '', '', '', '', '', '000001', '171717', '55^A0', '99998', 'A0', 20191028182826, -1, '', 0, 0, 0, 0, '00001', '50000004', -1.000, 0, '99990', '', 1, '111', 0, '3', '', '0', '', '0', 0, '', '', 0, '', '', 1, 1, -1, -1, '', -1, -1, '', '', '', -1, 0, '', '', '', '0', '', '', '999900000004', '', '', '');

insert into account (ACCTID, ACCTNAME, ACCTPWD, CUSTID, MAINACCTFLAG, CURRENCYID, STKVALUE, MINMARGIN, PREVIOUSAMT, CURRENTAMT, CURRENTAMTCHKSUM, USABLEAMT, TRADEFROZENAMT, EXCEPTFROZENAMT, UNCOMEAMT, UNDELIVERYFUNDUSEFLAG, CHKAMT, CHECKASCASHAMT, FINANCEAMT, OVERDRAFTLIMIT, OVERDRAFTINTEREST, OVERDRAFTINTERESTRATE, CHKSAVESUM, CHKFETCHSUM, CASHSAVESUM, CASHFETCHSUM, OPENDATE, LASTMODDATE, LASTPRINTDATE, FETCHMETHOD, DEPOSITRATE, RATEFLAG, DEPOSITINTEREST, DEPOSITSUM, INTEREST, INTERESTCOMPUTEDATE, INTERESTRATE, COOPPURCHASEFLAG, ACCTSTATUS, ACCTPERMITLIST, PERMITMAC, PERMITPHONE, BANKMORTGAGELOANAMT, SALESID, EXCEPTIONINTERESTAMT, AUDITOPTID, LOGOUTDATE, MEMO, MAGCARDID, EXTMAGCARDID, MAGCARDUSEDFLAG, UNLOCKDATE, INTERESTTYPEID, BEGININTERESTDATE, ENDINTERESTDATE, GETACCOUNTDATE, GETACCOUNTNUM, TRADECHECKFLAG, RECKONINGCHECKFLAG, NEEDSETTLEAMT, ACCUREDINTERESTAMT, INTERESTAMOUNT, LOGINERRORCOUNT, CREDITFUNDFLAG, SHTRADENETAMT, SZTRADENETAMT, YDMARGINUSEDAMT, MARGINUSEDAMT, REALTIMEAMT, CASHMOVEMENTAMT, CLOSEPNL, COMMISION, REALTIMEPNL, PLEDGEAMT, ACCTATRISKLEVEL, CUSTBRANCHID, EVERYPOSITIONPNL, EVERYRIGHTS, EVERYCURRENTAMT, FLOATPNL, EXCHMARGINUSEDAMT, EXCHCOMMISION, EXCHMORTGAGEUSABLEAMT, MORTGAGEUSABLEAMT, BASEMARGINUSEDAMT, CONTRACTAMTTOTAL, YDEXCHMORTGAGEUSABLEAMT, YDMORTGAGEUSABLEAMT, CONTRACTINTERESTAMOUNT, POSITIONCONTRACTAMT, BEGININGAMT, BUYTRADEFROZENAMT, SUBCUSTODYFLAG, MAINACCTID, ECONTRACTSIGNFLAG, TUSABLEAMT, TODAYREPOAMT, REPOAMT, ASSETAMT, LEVEL2FLAG, MULTINSTANCEID, DELIVERYMARGINAMT, DELIVERYCOMMISION, EXCHANGETOTALAMT, EXCHANGEUSEAMT, PREMIUM, EXCHANGEMARGINFROZEN, EXCHANGEMARGINUSED, EXCHANGECOMMISION, EXCHANGECOMMISIONFROZEN, EXCHANGECLOSEPNL, EXCHANGEREALTIMEPNL, OPTIONBUYOPENLIMITAMT, SUMPNL, T2EXTRAUSABLEAMT, INITCHGUSABLEAMT, INITCHGT2AMT, TOTALCOMMISIONFEE, OPENFROZMARGIN, EXTTRADEPWD, SUBCREDITFUNDFLAG, RSMARGINAMT, RSMARGINUSEDAMT, RSLENDCASHAMT, RSLENDCASHUSEDAMT, SZT2EXTRAUSABLEAMT, T1SHAREUSABLEAMT, USEDT1SHAREUSABLEDAMT, SZUSEDT1SHAREUSABLEDAMT, ACCESSMODE, OPTMARGINUSEDAMT, FASTUPDATECNT, UNDUEREPOAMT, CHANGEPWDDATE, CARRYFORWARDFLAG, CNYFUNDINGGAP, FOREIGNCURRENCYAMT, PREFOREIGNCURRENCYAMT, FOREIGNCURRENCYID, RELATEDACCTID, MORTGAGEAMT, MORTGAGECHGAMT, MORTGAGEMARGINAMT, MORTGAGEAVAILABLEAMT, EXCHMORTGAGEAVAILABLEAMT, TOTALMORTGAGEAMT)
values ('999900000004', 'qina5', 'TJ1AvP9O', '999900000004', 1, '00', 0.000, 0.000, 22219853.570, 22219853.570, '', 22219853.570, 0.000, 0.000, 0.000, 0, 0.000, 0.000, 0.000, 0.000, 0.0000, 0.0000000000000, 0.000, 0.000, 0.000, 0.000, 20191028182826, -1, -1, '0', 0.0072000000, 1, 0.0000, 13731897807.420, 0.000, -1, 0.050000, 0, 0, '', '', '', 0.000, '99999', 0.000, '', -1, '', '', '', 1, -1, 0, 20191028182826, 20191028182826, -1, 0, '1', '1', 0.000, 0.0000, 0.0000, 0, '0', 0.000, 0.000, 0.00, 0.00, 0.00, 0.00, 0.00, 0.00, 0.00, 0.00, '', '000001', 0.000, 0.000, 0.000, 0.000, 0.00, 0.00, 0.00, 0.00, 0.00, 0.00, 0.00, 0.00, 0.00, 0.00, 0.000, 0.000, 0, '999900000004', 'N', 22219853.570, 0.000, 0.000, 22219853.570, 'Level1', 0, 0.00, 0.00, 0.00, 0.00, 0.00, 0.00, 0.00, 0.00, 0.00, 0.00, 0.00, 0.000, 0.00, 0.000, 0.000, 0.000, 6680.370, 0.000, '', '0', 0.000, 0.000, 0.000, 0.000, 0.000, 0.000, 0.000, 0.000, '0', 0.000, 0, 0.000, -1, 0, 0.000, 0.000, 0.000, '', '', 0.000, 0.000, 0.000, 0.000, 0.000, 0.000);

insert into account (ACCTID, ACCTNAME, ACCTPWD, CUSTID, MAINACCTFLAG, CURRENCYID, STKVALUE, MINMARGIN, PREVIOUSAMT, CURRENTAMT, CURRENTAMTCHKSUM, USABLEAMT, TRADEFROZENAMT, EXCEPTFROZENAMT, UNCOMEAMT, UNDELIVERYFUNDUSEFLAG, CHKAMT, CHECKASCASHAMT, FINANCEAMT, OVERDRAFTLIMIT, OVERDRAFTINTEREST, OVERDRAFTINTERESTRATE, CHKSAVESUM, CHKFETCHSUM, CASHSAVESUM, CASHFETCHSUM, OPENDATE, LASTMODDATE, LASTPRINTDATE, FETCHMETHOD, DEPOSITRATE, RATEFLAG, DEPOSITINTEREST, DEPOSITSUM, INTEREST, INTERESTCOMPUTEDATE, INTERESTRATE, COOPPURCHASEFLAG, ACCTSTATUS, ACCTPERMITLIST, PERMITMAC, PERMITPHONE, BANKMORTGAGELOANAMT, SALESID, EXCEPTIONINTERESTAMT, AUDITOPTID, LOGOUTDATE, MEMO, MAGCARDID, EXTMAGCARDID, MAGCARDUSEDFLAG, UNLOCKDATE, INTERESTTYPEID, BEGININTERESTDATE, ENDINTERESTDATE, GETACCOUNTDATE, GETACCOUNTNUM, TRADECHECKFLAG, RECKONINGCHECKFLAG, NEEDSETTLEAMT, ACCUREDINTERESTAMT, INTERESTAMOUNT, LOGINERRORCOUNT, CREDITFUNDFLAG, SHTRADENETAMT, SZTRADENETAMT, YDMARGINUSEDAMT, MARGINUSEDAMT, REALTIMEAMT, CASHMOVEMENTAMT, CLOSEPNL, COMMISION, REALTIMEPNL, PLEDGEAMT, ACCTATRISKLEVEL, CUSTBRANCHID, EVERYPOSITIONPNL, EVERYRIGHTS, EVERYCURRENTAMT, FLOATPNL, EXCHMARGINUSEDAMT, EXCHCOMMISION, EXCHMORTGAGEUSABLEAMT, MORTGAGEUSABLEAMT, BASEMARGINUSEDAMT, CONTRACTAMTTOTAL, YDEXCHMORTGAGEUSABLEAMT, YDMORTGAGEUSABLEAMT, CONTRACTINTERESTAMOUNT, POSITIONCONTRACTAMT, BEGININGAMT, BUYTRADEFROZENAMT, SUBCUSTODYFLAG, MAINACCTID, ECONTRACTSIGNFLAG, TUSABLEAMT, TODAYREPOAMT, REPOAMT, ASSETAMT, LEVEL2FLAG, MULTINSTANCEID, DELIVERYMARGINAMT, DELIVERYCOMMISION, EXCHANGETOTALAMT, EXCHANGEUSEAMT, PREMIUM, EXCHANGEMARGINFROZEN, EXCHANGEMARGINUSED, EXCHANGECOMMISION, EXCHANGECOMMISIONFROZEN, EXCHANGECLOSEPNL, EXCHANGEREALTIMEPNL, OPTIONBUYOPENLIMITAMT, SUMPNL, T2EXTRAUSABLEAMT, INITCHGUSABLEAMT, INITCHGT2AMT, TOTALCOMMISIONFEE, OPENFROZMARGIN, EXTTRADEPWD, SUBCREDITFUNDFLAG, RSMARGINAMT, RSMARGINUSEDAMT, RSLENDCASHAMT, RSLENDCASHUSEDAMT, SZT2EXTRAUSABLEAMT, T1SHAREUSABLEAMT, USEDT1SHAREUSABLEDAMT, SZUSEDT1SHAREUSABLEDAMT, ACCESSMODE, OPTMARGINUSEDAMT, FASTUPDATECNT, UNDUEREPOAMT, CHANGEPWDDATE, CARRYFORWARDFLAG, CNYFUNDINGGAP, FOREIGNCURRENCYAMT, PREFOREIGNCURRENCYAMT, FOREIGNCURRENCYID, RELATEDACCTID, MORTGAGEAMT, MORTGAGECHGAMT, MORTGAGEMARGINAMT, MORTGAGEAVAILABLEAMT, EXCHMORTGAGEAVAILABLEAMT, TOTALMORTGAGEAMT)
values ('000000000415', 'duyongming', 'Sp9Hv/lI', '000000000415', 1, '00', 10461572.603, 0.000, 1000000000.000, 1000000000.000, '', 759669306.330, 240280268.750, 0.000, 0.000, 0, 0.000, 0.000, 0.000, 0.000, 0.0000, 0.0000000000000, 0.000, 0.000, 301102632653.630, 399962985067.580, 20180713165808, -1, 20210910110445, '0', 0.0036100000, 1, 0.0000, 0.000, 0.000, -1, 0.200000, 0, 0, '5', '', '', 0.000, '99999', 0.000, '', -1, '', '123456', '041511', 1, -1, 0, 20210614233441, 20210614233844, -1, 0, '1', '1', 0.000, 0.0000, 0.0000, 0, '0', 0.000, 0.000, 0.00, 0.00, 0.00, -198980967899.00, 0.00, 0.00, 0.00, 0.00, 'DEFENSIVE', '000001', 0.000, 0.000, 0.000, 0.000, 0.00, 0.00, 0.00, 0.00, 0.00, 0.00, 0.00, 0.00, 0.00, 0.00, 200001999698.000, 0.000, 0, '000000000415', 'Y', 201010372127.030, 0.000, 0.000, 222157292874.000, 'Level1', 0, 0.00, 0.00, 0.00, 0.00, 0.00, 0.00, 0.00, 0.00, 0.00, 0.00, 0.00, 0.000, -42620360.94, 0.000, 0.000, 0.000, 1101463.660, 0.000, 'Sp9Hv/lI', '0', 0.000, 0.000, 0.000, 0.000, 0.000, 0.000, 0.000, 0.000, '0', 0.000, 0, 0.000, 20190516170233, 0, 0.000, 0.000, 0.000, '', '0', 100000.000, 0.000, 0.000, 0.000, 0.000, 0.000);

insert into account (ACCTID, ACCTNAME, ACCTPWD, CUSTID, MAINACCTFLAG, CURRENCYID, STKVALUE, MINMARGIN, PREVIOUSAMT, CURRENTAMT, CURRENTAMTCHKSUM, USABLEAMT, TRADEFROZENAMT, EXCEPTFROZENAMT, UNCOMEAMT, UNDELIVERYFUNDUSEFLAG, CHKAMT, CHECKASCASHAMT, FINANCEAMT, OVERDRAFTLIMIT, OVERDRAFTINTEREST, OVERDRAFTINTERESTRATE, CHKSAVESUM, CHKFETCHSUM, CASHSAVESUM, CASHFETCHSUM, OPENDATE, LASTMODDATE, LASTPRINTDATE, FETCHMETHOD, DEPOSITRATE, RATEFLAG, DEPOSITINTEREST, DEPOSITSUM, INTEREST, INTERESTCOMPUTEDATE, INTERESTRATE, COOPPURCHASEFLAG, ACCTSTATUS, ACCTPERMITLIST, PERMITMAC, PERMITPHONE, BANKMORTGAGELOANAMT, SALESID, EXCEPTIONINTERESTAMT, AUDITOPTID, LOGOUTDATE, MEMO, MAGCARDID, EXTMAGCARDID, MAGCARDUSEDFLAG, UNLOCKDATE, INTERESTTYPEID, BEGININTERESTDATE, ENDINTERESTDATE, GETACCOUNTDATE, GETACCOUNTNUM, TRADECHECKFLAG, RECKONINGCHECKFLAG, NEEDSETTLEAMT, ACCUREDINTERESTAMT, INTERESTAMOUNT, LOGINERRORCOUNT, CREDITFUNDFLAG, SHTRADENETAMT, SZTRADENETAMT, YDMARGINUSEDAMT, MARGINUSEDAMT, REALTIMEAMT, CASHMOVEMENTAMT, CLOSEPNL, COMMISION, REALTIMEPNL, PLEDGEAMT, ACCTATRISKLEVEL, CUSTBRANCHID, EVERYPOSITIONPNL, EVERYRIGHTS, EVERYCURRENTAMT, FLOATPNL, EXCHMARGINUSEDAMT, EXCHCOMMISION, EXCHMORTGAGEUSABLEAMT, MORTGAGEUSABLEAMT, BASEMARGINUSEDAMT, CONTRACTAMTTOTAL, YDEXCHMORTGAGEUSABLEAMT, YDMORTGAGEUSABLEAMT, CONTRACTINTERESTAMOUNT, POSITIONCONTRACTAMT, BEGININGAMT, BUYTRADEFROZENAMT, SUBCUSTODYFLAG, MAINACCTID, ECONTRACTSIGNFLAG, TUSABLEAMT, TODAYREPOAMT, REPOAMT, ASSETAMT, LEVEL2FLAG, MULTINSTANCEID, DELIVERYMARGINAMT, DELIVERYCOMMISION, EXCHANGETOTALAMT, EXCHANGEUSEAMT, PREMIUM, EXCHANGEMARGINFROZEN, EXCHANGEMARGINUSED, EXCHANGECOMMISION, EXCHANGECOMMISIONFROZEN, EXCHANGECLOSEPNL, EXCHANGEREALTIMEPNL, OPTIONBUYOPENLIMITAMT, SUMPNL, T2EXTRAUSABLEAMT, INITCHGUSABLEAMT, INITCHGT2AMT, TOTALCOMMISIONFEE, OPENFROZMARGIN, EXTTRADEPWD, SUBCREDITFUNDFLAG, RSMARGINAMT, RSMARGINUSEDAMT, RSLENDCASHAMT, RSLENDCASHUSEDAMT, SZT2EXTRAUSABLEAMT, T1SHAREUSABLEAMT, USEDT1SHAREUSABLEDAMT, SZUSEDT1SHAREUSABLEDAMT, ACCESSMODE, OPTMARGINUSEDAMT, FASTUPDATECNT, UNDUEREPOAMT, CHANGEPWDDATE, CARRYFORWARDFLAG, CNYFUNDINGGAP, FOREIGNCURRENCYAMT, PREFOREIGNCURRENCYAMT, FOREIGNCURRENCYID, RELATEDACCTID, MORTGAGEAMT, MORTGAGECHGAMT, MORTGAGEMARGINAMT, MORTGAGEAVAILABLEAMT, EXCHMORTGAGEAVAILABLEAMT, TOTALMORTGAGEAMT)
values ('000000000260', 'ryk', 'TJ1AvP9O', '000000000260', 1, '00', 0.000, 0.000, 10000000000.000, 10000000000.000, '', 10000000000.000, 0.000, 0.000, 0.000, 0, 0.000, 0.000, 0.000, 0.000, 0.0000, 0.0000200000000, 0.000, 0.000, 110116101299.000, 100017127000.000, 20151117173656, 20151208144100, 20151209163313, '0', 0.0152000000, 1, 2082191.7800, 0.000, 416438.360, 20200910140907, 0.200000, 0, 0, '5', '', '', 0.000, '99999', 0.000, '', -1, '-----交换机和环境-', 'R01E2AD', '6666666', 1, -1, 0, 20151117173656, 20151117173656, -1, 0, '1', '1', 0.000, 0.0000, 0.0000, 0, '0', 0.000, 0.000, 0.00, 0.00, 0.00, 0.00, 0.00, 0.00, 0.00, 0.00, 'DEFENSIVE', '000001', 0.000, 0.000, 0.000, 0.000, 0.00, 0.00, 0.00, 0.00, 0.00, 0.00, 0.00, 0.00, 0.00, 0.00, -99901025900.000, 0.000, 0, '000000000260', 'N', 9999998000.000, 0.000, 0.000, 10000002000.000, 'Level1', 1, 0.00, 0.00, 0.00, 0.00, 0.00, 0.00, 0.00, 0.00, 0.00, 0.00, 0.00, 0.000, -7619.65, 0.000, 0.000, 0.000, 538.420, 0.000, '666666', '0', 0.000, 0.000, 0.000, 0.000, 0.000, 0.000, 0.000, 0.000, '0', 0.000, 0, 0.000, 20170606000000, 0, 0.000, 0.000, 0.000, '', '', 100000.000, 0.000, 0.000, 0.000, 0.000, 0.000);

insert into account (ACCTID, ACCTNAME, ACCTPWD, CUSTID, MAINACCTFLAG, CURRENCYID, STKVALUE, MINMARGIN, PREVIOUSAMT, CURRENTAMT, CURRENTAMTCHKSUM, USABLEAMT, TRADEFROZENAMT, EXCEPTFROZENAMT, UNCOMEAMT, UNDELIVERYFUNDUSEFLAG, CHKAMT, CHECKASCASHAMT, FINANCEAMT, OVERDRAFTLIMIT, OVERDRAFTINTEREST, OVERDRAFTINTERESTRATE, CHKSAVESUM, CHKFETCHSUM, CASHSAVESUM, CASHFETCHSUM, OPENDATE, LASTMODDATE, LASTPRINTDATE, FETCHMETHOD, DEPOSITRATE, RATEFLAG, DEPOSITINTEREST, DEPOSITSUM, INTEREST, INTERESTCOMPUTEDATE, INTERESTRATE, COOPPURCHASEFLAG, ACCTSTATUS, ACCTPERMITLIST, PERMITMAC, PERMITPHONE, BANKMORTGAGELOANAMT, SALESID, EXCEPTIONINTERESTAMT, AUDITOPTID, LOGOUTDATE, MEMO, MAGCARDID, EXTMAGCARDID, MAGCARDUSEDFLAG, UNLOCKDATE, INTERESTTYPEID, BEGININTERESTDATE, ENDINTERESTDATE, GETACCOUNTDATE, GETACCOUNTNUM, TRADECHECKFLAG, RECKONINGCHECKFLAG, NEEDSETTLEAMT, ACCUREDINTERESTAMT, INTERESTAMOUNT, LOGINERRORCOUNT, CREDITFUNDFLAG, SHTRADENETAMT, SZTRADENETAMT, YDMARGINUSEDAMT, MARGINUSEDAMT, REALTIMEAMT, CASHMOVEMENTAMT, CLOSEPNL, COMMISION, REALTIMEPNL, PLEDGEAMT, ACCTATRISKLEVEL, CUSTBRANCHID, EVERYPOSITIONPNL, EVERYRIGHTS, EVERYCURRENTAMT, FLOATPNL, EXCHMARGINUSEDAMT, EXCHCOMMISION, EXCHMORTGAGEUSABLEAMT, MORTGAGEUSABLEAMT, BASEMARGINUSEDAMT, CONTRACTAMTTOTAL, YDEXCHMORTGAGEUSABLEAMT, YDMORTGAGEUSABLEAMT, CONTRACTINTERESTAMOUNT, POSITIONCONTRACTAMT, BEGININGAMT, BUYTRADEFROZENAMT, SUBCUSTODYFLAG, MAINACCTID, ECONTRACTSIGNFLAG, TUSABLEAMT, TODAYREPOAMT, REPOAMT, ASSETAMT, LEVEL2FLAG, MULTINSTANCEID, DELIVERYMARGINAMT, DELIVERYCOMMISION, EXCHANGETOTALAMT, EXCHANGEUSEAMT, PREMIUM, EXCHANGEMARGINFROZEN, EXCHANGEMARGINUSED, EXCHANGECOMMISION, EXCHANGECOMMISIONFROZEN, EXCHANGECLOSEPNL, EXCHANGEREALTIMEPNL, OPTIONBUYOPENLIMITAMT, SUMPNL, T2EXTRAUSABLEAMT, INITCHGUSABLEAMT, INITCHGT2AMT, TOTALCOMMISIONFEE, OPENFROZMARGIN, EXTTRADEPWD, SUBCREDITFUNDFLAG, RSMARGINAMT, RSMARGINUSEDAMT, RSLENDCASHAMT, RSLENDCASHUSEDAMT, SZT2EXTRAUSABLEAMT, T1SHAREUSABLEAMT, USEDT1SHAREUSABLEDAMT, SZUSEDT1SHAREUSABLEDAMT, ACCESSMODE, OPTMARGINUSEDAMT, FASTUPDATECNT, UNDUEREPOAMT, CHANGEPWDDATE, CARRYFORWARDFLAG, CNYFUNDINGGAP, FOREIGNCURRENCYAMT, PREFOREIGNCURRENCYAMT, FOREIGNCURRENCYID, RELATEDACCTID, MORTGAGEAMT, MORTGAGECHGAMT, MORTGAGEMARGINAMT, MORTGAGEAVAILABLEAMT, EXCHMORTGAGEAVAILABLEAMT, TOTALMORTGAGEAMT)
values ('000000000275', 'ryk', 'TJ1AvP9O', '000000000275', 1, '00', 0.000, 0.000, 100009808.490, 10000000000.000, '', 10000000000.000, 0.000, 0.000, 0.000, 0, 0.000, 0.000, 0.000, 0.000, 0.0000, 0.0000000000000, 0.000, 0.000, 100000000.000, 0.000, 20151127141612, -1, -1, '0', 0.0072000000, 1, 0.0000, 0.000, 0.000, -1, 0.050000, 0, 0, '5', '', '', 0.000, '99999', 0.000, '', -1, '', 'UBS2750', '6666666', 1, -1, 0, 20151127141612, 20151127141612, -1, 0, '1', '1', 0.000, 0.0000, 0.0000, 0, '0', 0.000, 0.000, 0.00, 0.00, 0.00, 0.00, 0.00, 0.00, 0.00, 0.00, '', 'qwgrp0', 0.000, 0.000, 0.000, 0.000, 0.00, 0.00, 0.00, 0.00, 0.00, 0.00, 0.00, 0.00, 0.00, 0.00, 100000000.000, 0.000, 0, '000000000275', 'N', 100009808.490, 0.000, 0.000, 0.000, 'Level1', 0, 0.00, 0.00, 0.00, 0.00, 0.00, 0.00, 0.00, 0.00, 0.00, 0.00, 0.00, 0.000, 0.00, 0.000, 0.000, 0.000, 2.250, 0.000, '666666', '0', 0.000, 0.000, 0.000, 0.000, 0.000, 0.000, 0.000, 0.000, '0', 0.000, 0, 0.000, 20170606000000, 0, 0.000, 0.000, 0.000, '', '', 100000.000, 0.000, 0.000, 0.000, 0.000, 0.000);

insert into registration (EXCHID, BRANCHID, ACCTID, CUSTID, REGMATCHNUM, REGID, OFFERREGID, REGNAME, REGTYPE, REGPERMITLIST, TRADEPWD, PERSONALID, FIXFLAG, REPURCHASEFIXFLAG, DESKID, AUTOSHAREFLAGLIST, AUTOQUOTAFLAG, LASTPRINTDATE, OPENDATE, EXPIREDATE, REGSTATUS, STKVALUE, CURRENCYID, OPTID, AUDITOPTID, GRANTSTKTYPELIST, STKTRADECHKFLAG, STKRECKCHKFLAG, SIIINO, BONDREGID, BONDREGTYPE, IDENTIFYID, MEMO, CREDITSTOCKFLAG, STDREGID, GEM_RISKSIGNTYPE, GEM_RISKSIGNDATE, GEM_RISKTRADEDATE, GEM_RISKSIGNRSLTFLAG, F_HEDGEFLAG, REPOAMT, UNIFIEDCODE, OPTIONREGPERMITLIST, SETTLESTKVALUE, PROGRAMTRADINGFLAG, BONDHGTZZOPENDATE, UNDUEREPOAMT, CHANGEPWDDATE, SFPOPENDATE, SYNCDATE, BOOKID, JPMACCOUNTID, KEEPCOMBINATIONFLAG, PAUSETRADESTATUS, TRUSTEEDESKID)
values ('6', '000001', '999900000004', '999900000004', 0, '6000000001', '6000000001', 'qina5', '0', '', 'TJ1AvP9O', '511902198609300126', 0, 0, 'ANQ001', '', 0, -1, 20200312184607, -1, 0, 0.0000, '00', '99990', '', 'A0^A1^A2^A3^A4^A5^A8^B0^B1^B2^B3^B5^B6^B8^B9^C1^C8^D6^D7^F1^Z0', '1', '1', '', '', '', '', '', '0', '', '', -1, -1, 0, 'SPEC', 0.000, '', '', 0.000, '0', -1, 0.000, -1, -1, -1, '', '', 'N', 'N', '');

insert into registration (EXCHID, BRANCHID, ACCTID, CUSTID, REGMATCHNUM, REGID, OFFERREGID, REGNAME, REGTYPE, REGPERMITLIST, TRADEPWD, PERSONALID, FIXFLAG, REPURCHASEFIXFLAG, DESKID, AUTOSHAREFLAGLIST, AUTOQUOTAFLAG, LASTPRINTDATE, OPENDATE, EXPIREDATE, REGSTATUS, STKVALUE, CURRENCYID, OPTID, AUDITOPTID, GRANTSTKTYPELIST, STKTRADECHKFLAG, STKRECKCHKFLAG, SIIINO, BONDREGID, BONDREGTYPE, IDENTIFYID, MEMO, CREDITSTOCKFLAG, STDREGID, GEM_RISKSIGNTYPE, GEM_RISKSIGNDATE, GEM_RISKTRADEDATE, GEM_RISKSIGNRSLTFLAG, F_HEDGEFLAG, REPOAMT, UNIFIEDCODE, OPTIONREGPERMITLIST, SETTLESTKVALUE, PROGRAMTRADINGFLAG, BONDHGTZZOPENDATE, UNDUEREPOAMT, CHANGEPWDDATE, SFPOPENDATE, SYNCDATE, BOOKID, JPMACCOUNTID, KEEPCOMBINATIONFLAG, PAUSETRADESTATUS, TRUSTEEDESKID)
values ('6', '000001', '000000000415', '000000000415', 1, '6000000415', '6000000415', 'dym_bb', '0', '', 'Sp9Hv/lI', '0415', 0, 0, 'ANQ001', '', 0, -1, 20191231091714, -1, 0, 0.0000, '00', '00415', '', 'A0^A1^A2^A3^A4^A5^A8^B0^B1^B2^B3^B5^B6^B8^B9^C1^C8^D6^D7^F1^Z0', '1', '1', '', '', '', '', '', '0', '', '', -1, -1, 0, 'SPEC', 0.000, '', '', 0.000, '0', -1, 0.000, -1, -1, -1, '', '', 'N', 'N', '');

insert into registration (EXCHID, BRANCHID, ACCTID, CUSTID, REGMATCHNUM, REGID, OFFERREGID, REGNAME, REGTYPE, REGPERMITLIST, TRADEPWD, PERSONALID, FIXFLAG, REPURCHASEFIXFLAG, DESKID, AUTOSHAREFLAGLIST, AUTOQUOTAFLAG, LASTPRINTDATE, OPENDATE, EXPIREDATE, REGSTATUS, STKVALUE, CURRENCYID, OPTID, AUDITOPTID, GRANTSTKTYPELIST, STKTRADECHKFLAG, STKRECKCHKFLAG, SIIINO, BONDREGID, BONDREGTYPE, IDENTIFYID, MEMO, CREDITSTOCKFLAG, STDREGID, GEM_RISKSIGNTYPE, GEM_RISKSIGNDATE, GEM_RISKTRADEDATE, GEM_RISKSIGNRSLTFLAG, F_HEDGEFLAG, REPOAMT, UNIFIEDCODE, OPTIONREGPERMITLIST, SETTLESTKVALUE, PROGRAMTRADINGFLAG, BONDHGTZZOPENDATE, UNDUEREPOAMT, CHANGEPWDDATE, SFPOPENDATE, SYNCDATE, BOOKID, JPMACCOUNTID, KEEPCOMBINATIONFLAG, PAUSETRADESTATUS, TRUSTEEDESKID)
values ('6', '000001', '000000000415', '000000000415', 0, '6041500000', '6000000415', 'dym_bb', '0', '', 'Sp9Hv/lI', '0415', 0, 0, 'ANQ001', '', 0, -1, 20191231091702, -1, 0, 0.0000, '00', '00415', '', 'A0^A1^A2^A3^A4^A5^A8^B0^B1^B2^B3^B5^B6^B8^B9^C1^C8^D6^D7^F1^Z0', '1', '1', '', '', '', '', '', '0', '', '', -1, -1, 0, 'SPEC', 0.000, '', '', 0.000, '0', -1, 0.000, -1, -1, -1, '', '', 'N', 'N', '');

insert into registration (EXCHID, BRANCHID, ACCTID, CUSTID, REGMATCHNUM, REGID, OFFERREGID, REGNAME, REGTYPE, REGPERMITLIST, TRADEPWD, PERSONALID, FIXFLAG, REPURCHASEFIXFLAG, DESKID, AUTOSHAREFLAGLIST, AUTOQUOTAFLAG, LASTPRINTDATE, OPENDATE, EXPIREDATE, REGSTATUS, STKVALUE, CURRENCYID, OPTID, AUDITOPTID, GRANTSTKTYPELIST, STKTRADECHKFLAG, STKRECKCHKFLAG, SIIINO, BONDREGID, BONDREGTYPE, IDENTIFYID, MEMO, CREDITSTOCKFLAG, STDREGID, GEM_RISKSIGNTYPE, GEM_RISKSIGNDATE, GEM_RISKTRADEDATE, GEM_RISKSIGNRSLTFLAG, F_HEDGEFLAG, REPOAMT, UNIFIEDCODE, OPTIONREGPERMITLIST, SETTLESTKVALUE, PROGRAMTRADINGFLAG, BONDHGTZZOPENDATE, UNDUEREPOAMT, CHANGEPWDDATE, SFPOPENDATE, SYNCDATE, BOOKID, JPMACCOUNTID, KEEPCOMBINATIONFLAG, PAUSETRADESTATUS, TRUSTEEDESKID)
values ('6', 'qwgrp0', '000000000260', '000000000260', 0, 'TEASHICHAN', 'TEASHICHAN', 'ryk', '0', '7^7', 'TJ1AvP9O', '46546545465465', 0, 0, 'ANQ001', '', 0, -1, 20151208105028, -1, 0, 0.0000, '00', '99990', '', 'A0^A1^A2^A3^A4^A5^A8^A9^B0^B1^B2^B3^B4^B5^B6^B7^B8^B9^BA^BB^BC^BD^BE^BF^BG^BH^C1^C2^C3^C4^C5^C6^C7^C8^C9^D1^D3^D4^D5^D6^D7^E1^E2^E3^E4^E5^G1^Z0', '1', '1', '', '', '', '', '', '0', '', '', -1, -1, 0, 'SPEC', 0.000, '', '', 0.000, '0', -1, 0.000, 20170606000000, -1, -1, '', '', 'N', 'N', '');

insert into registration (EXCHID, BRANCHID, ACCTID, CUSTID, REGMATCHNUM, REGID, OFFERREGID, REGNAME, REGTYPE, REGPERMITLIST, TRADEPWD, PERSONALID, FIXFLAG, REPURCHASEFIXFLAG, DESKID, AUTOSHAREFLAGLIST, AUTOQUOTAFLAG, LASTPRINTDATE, OPENDATE, EXPIREDATE, REGSTATUS, STKVALUE, CURRENCYID, OPTID, AUDITOPTID, GRANTSTKTYPELIST, STKTRADECHKFLAG, STKRECKCHKFLAG, SIIINO, BONDREGID, BONDREGTYPE, IDENTIFYID, MEMO, CREDITSTOCKFLAG, STDREGID, GEM_RISKSIGNTYPE, GEM_RISKSIGNDATE, GEM_RISKTRADEDATE, GEM_RISKSIGNRSLTFLAG, F_HEDGEFLAG, REPOAMT, UNIFIEDCODE, OPTIONREGPERMITLIST, SETTLESTKVALUE, PROGRAMTRADINGFLAG, BONDHGTZZOPENDATE, UNDUEREPOAMT, CHANGEPWDDATE, SFPOPENDATE, SYNCDATE, BOOKID, JPMACCOUNTID, KEEPCOMBINATIONFLAG, PAUSETRADESTATUS, TRUSTEEDESKID)
values ('6', 'qwgrp0', '000000000275', '000000000275', 0, 'TERA275275', 'TEASHICHAN', 'ryk', '4', '7^7', 'TJ1AvP9O', '46546545465465', 1, 0, 'ANQ001', '', 0, -1, 20160512171929, -1, 0, 0.0000, '00', '99990', '', 'A0^A1^A2^A3^A4^A5^A8^A9^B0^B1^B2^B3^B4^B5^B6^B7^B8^B9^BA^BB^BC^BD^BE^BF^BG^BH^C1^C2^C3^C4^C5^C6^C7^C8^C9^D1^D3^D4^D5^D6^D7^E1^E2^E3^E4^E5^G1^Z0', '1', '1', '', '', '', '', '', '2', '', '', -1, -1, 0, 'SPEC', 0.000, '123123', '', 0.000, '0', -1, 0.000, 20170606000000, -1, -1, '', '', 'N', 'N', '');

