delete FROM customer a where a.custid in ('000011721200','000011721201','000011725200','000011725201'); 
delete FROM account a where a.acctid in ('000011721200','000011721201','000011725200','000011725201') and a.currencyid='00';
delete FROM registration a where a.acctid in ('000011721200','000011721201','000011725200','000011725201') and a.exchid='B';
delete from stklist where exchid='B' and offerregid in('0117212000','0117252000') and stkid='092103107';
delete from stkinfo where exchid='B' and stkid='092103107';
delete FROM stkcheckin a where a.stkid='092103107' and a.exchid='B';



insert into stkcheckin (OCCURTIME, EXCHID, STKID, STKNAME, RIGHTSSTKID, PROCESSFLAG, CAPITALBONUS, SHAREPROJECT, BONUSPROJECT, SETTLEYEAR, RIGHTSOFFDATE, RATIONBEGINPAYDATE, RATIONENDPAYDATE, RATIONSHARELISTDATE, RATIONSHAREPRICE, BONUSRECEIVEDDATE, BONDINTEREST, CAPITALBONUSAFTERTAX, BONUSSHAREQTY, FUNDSHAREQTY, RATIONSHAREQTY, KEEPTODATE, NETAMT, PAYRATE) values (20220329000000, 'B', '092103107', '21进出清发107', '092103107', 0, 50.00000000, '0', '', '', null, null, null, null, 0.000, 20220329000000, 0.00000, 50.00000000, 0.00000000, 0.00000000, 0.00000000, 20220330000000, 0.00, 0.00);


insert into customer (CUSTID, CUSTTYPE, CUSTCHAR, CUSTNAME, ORGNAME, PERSONALID, ADDRESS, EMAIL, POSTCODE, TELEPHONE, MOBILE, FAXNO, BRANCHID, OPTID, GRANTOPTMODELIST, BROKERID, ROLELIST, OPENDATE, LOGOUTDATE, GRANTBILLSENDLIST, IS680FLAG, SMSSENDFLAG, ALLPWDSYNCFLAG, NOTEPRINTFREQUENCY, COSTCENTERID, FINANCEID, MARGINLIMITAMT, CUSTSTATUS, AUDITOPTID, MEMO, FCIDMODIFYFLAG, CUSTOMERFEEID, UPDATEFEEIDFLAG, COSTMETHOD, CUSTGROUPID, CUSTODYMODE, CUSTSORTLIST, CERTIFICATETYPE, LEGALFLAG, COUNTRYCODE, PROHIBITOPTMODELIST, LOGINERRORCOUNT, STDCUSTID, CAID, TRADEPWDSTATUS, ACCTPWDSTATUS, TRADEPWDINITDATE, ACCTPWDINITDATE, TRUSTEEBANKID, CERTIDBEGIN, CERTIDEND, RISKBEARING, CERTADRESS, CUSTSPECCHARLIST, LOGINTIME, FUNDLOGINERRORCOUNT, CREDITLEVEL, CUSTRATEID, FUTBILLTYPE, CREDITFUNDFLAG, PRECANCELMODELIST, PREMODIFYMODELIST, MAINCUSTID, TYPEIDLIST, EXEOPTMODE, SYNCFLAGLIST) values ('000011721200', 'A2', 0, '焦振鹏主股东', '', '121212156882', '', '', '', '', '', '', '000001', '99990', 'A0^A1^A2^A3^A4^A5', '99998', 'A0', 20181008113252, -1, '', 0, 0, 1, 0, '001', '5006Z84W', -1.000, 0, '', '', 1, '111', 0, '2', '', '0', '', '0', 0, '', '', 0, '', '99990', 1, 1, -1, -1, '', -1, -1, '', '', '', -1, 0, '', '', '', '0', '', '', '000011721200', '', '', '');

insert into customer (CUSTID, CUSTTYPE, CUSTCHAR, CUSTNAME, ORGNAME, PERSONALID, ADDRESS, EMAIL, POSTCODE, TELEPHONE, MOBILE, FAXNO, BRANCHID, OPTID, GRANTOPTMODELIST, BROKERID, ROLELIST, OPENDATE, LOGOUTDATE, GRANTBILLSENDLIST, IS680FLAG, SMSSENDFLAG, ALLPWDSYNCFLAG, NOTEPRINTFREQUENCY, COSTCENTERID, FINANCEID, MARGINLIMITAMT, CUSTSTATUS, AUDITOPTID, MEMO, FCIDMODIFYFLAG, CUSTOMERFEEID, UPDATEFEEIDFLAG, COSTMETHOD, CUSTGROUPID, CUSTODYMODE, CUSTSORTLIST, CERTIFICATETYPE, LEGALFLAG, COUNTRYCODE, PROHIBITOPTMODELIST, LOGINERRORCOUNT, STDCUSTID, CAID, TRADEPWDSTATUS, ACCTPWDSTATUS, TRADEPWDINITDATE, ACCTPWDINITDATE, TRUSTEEBANKID, CERTIDBEGIN, CERTIDEND, RISKBEARING, CERTADRESS, CUSTSPECCHARLIST, LOGINTIME, FUNDLOGINERRORCOUNT, CREDITLEVEL, CUSTRATEID, FUTBILLTYPE, CREDITFUNDFLAG, PRECANCELMODELIST, PREMODIFYMODELIST, MAINCUSTID, TYPEIDLIST, EXEOPTMODE, SYNCFLAGLIST) values ('000011721201', 'A2', 0, '焦振鹏虚拟股东', '0', '125415451212', '', '', '', '', '', '', '000001', '99990', '55^A0^A1^A2^A4^A6^AO', '99998', 'A0', 20181009103139, -1, '', 0, 0, 1, 0, '00001', '5006Z84X', -1.000, 0, '', '', 1, '111', 0, '3', '', '0', '', '0', 0, '', '', 0, '', '', 1, 1, -1, -1, '', -1, -1, '', '', '', -1, 0, '', '', '', '0', '', '', '000011721201', '', '', '');

insert into customer (CUSTID, CUSTTYPE, CUSTCHAR, CUSTNAME, ORGNAME, PERSONALID, ADDRESS, EMAIL, POSTCODE, TELEPHONE, MOBILE, FAXNO, BRANCHID, OPTID, GRANTOPTMODELIST, BROKERID, ROLELIST, OPENDATE, LOGOUTDATE, GRANTBILLSENDLIST, IS680FLAG, SMSSENDFLAG, ALLPWDSYNCFLAG, NOTEPRINTFREQUENCY, COSTCENTERID, FINANCEID, MARGINLIMITAMT, CUSTSTATUS, AUDITOPTID, MEMO, FCIDMODIFYFLAG, CUSTOMERFEEID, UPDATEFEEIDFLAG, COSTMETHOD, CUSTGROUPID, CUSTODYMODE, CUSTSORTLIST, CERTIFICATETYPE, LEGALFLAG, COUNTRYCODE, PROHIBITOPTMODELIST, LOGINERRORCOUNT, STDCUSTID, CAID, TRADEPWDSTATUS, ACCTPWDSTATUS, TRADEPWDINITDATE, ACCTPWDINITDATE, TRUSTEEBANKID, CERTIDBEGIN, CERTIDEND, RISKBEARING, CERTADRESS, CUSTSPECCHARLIST, LOGINTIME, FUNDLOGINERRORCOUNT, CREDITLEVEL, CUSTRATEID, FUTBILLTYPE, CREDITFUNDFLAG, PRECANCELMODELIST, PREMODIFYMODELIST, MAINCUSTID, TYPEIDLIST, EXEOPTMODE, SYNCFLAGLIST) values ('000011725200', 'A2', 0, '焦振鹏主股东', '', '121212156882', '', '', '', '', '', '', '000001', '99990', 'A0^A1^A2^A3^A4^A5', '99998', 'A0', 20181008113252, -1, '0', 0, 0, 1, 0, '001', '5006Z84W', -1.000, 0, '', '', 1, '111', 0, '2', '', '0', '', '0', 0, '', '', 0, '', '', 1, 1, -1, -1, '', -1, -1, '', '', '', -1, 0, '', '', '', '0', '', '', '000011725200', '', '', '');

insert into customer (CUSTID, CUSTTYPE, CUSTCHAR, CUSTNAME, ORGNAME, PERSONALID, ADDRESS, EMAIL, POSTCODE, TELEPHONE, MOBILE, FAXNO, BRANCHID, OPTID, GRANTOPTMODELIST, BROKERID, ROLELIST, OPENDATE, LOGOUTDATE, GRANTBILLSENDLIST, IS680FLAG, SMSSENDFLAG, ALLPWDSYNCFLAG, NOTEPRINTFREQUENCY, COSTCENTERID, FINANCEID, MARGINLIMITAMT, CUSTSTATUS, AUDITOPTID, MEMO, FCIDMODIFYFLAG, CUSTOMERFEEID, UPDATEFEEIDFLAG, COSTMETHOD, CUSTGROUPID, CUSTODYMODE, CUSTSORTLIST, CERTIFICATETYPE, LEGALFLAG, COUNTRYCODE, PROHIBITOPTMODELIST, LOGINERRORCOUNT, STDCUSTID, CAID, TRADEPWDSTATUS, ACCTPWDSTATUS, TRADEPWDINITDATE, ACCTPWDINITDATE, TRUSTEEBANKID, CERTIDBEGIN, CERTIDEND, RISKBEARING, CERTADRESS, CUSTSPECCHARLIST, LOGINTIME, FUNDLOGINERRORCOUNT, CREDITLEVEL, CUSTRATEID, FUTBILLTYPE, CREDITFUNDFLAG, PRECANCELMODELIST, PREMODIFYMODELIST, MAINCUSTID, TYPEIDLIST, EXEOPTMODE, SYNCFLAGLIST) values ('000011725201', 'A2', 0, '焦振鹏虚拟股东', '0', '125415451212', '', '', '', '', '', '', '000001', '99990', '55^A0^A1^A2^A4^A6^AO', '99998', 'A0', 20181009103139, -1, '0', 0, 0, 1, 0, '00001', '5006Z84X', -1.000, 0, '', '', 1, '111', 0, '3', '', '0', '', '0', 0, '', '', 0, '', '', 1, 1, -1, -1, '', -1, -1, '', '', '', -1, 0, '', '', '', '0', '', '', '000011725201', '', '', '');

insert into account (ACCTID, ACCTNAME, ACCTPWD, CUSTID, MAINACCTFLAG, CURRENCYID, STKVALUE, MINMARGIN, PREVIOUSAMT, CURRENTAMT, CURRENTAMTCHKSUM, USABLEAMT, TRADEFROZENAMT, EXCEPTFROZENAMT, UNCOMEAMT, UNDELIVERYFUNDUSEFLAG, CHKAMT, CHECKASCASHAMT, FINANCEAMT, OVERDRAFTLIMIT, OVERDRAFTINTEREST, OVERDRAFTINTERESTRATE, CHKSAVESUM, CHKFETCHSUM, CASHSAVESUM, CASHFETCHSUM, OPENDATE, LASTMODDATE, LASTPRINTDATE, FETCHMETHOD, DEPOSITRATE, RATEFLAG, DEPOSITINTEREST, DEPOSITSUM, INTEREST, INTERESTCOMPUTEDATE, INTERESTRATE, COOPPURCHASEFLAG, ACCTSTATUS, ACCTPERMITLIST, PERMITMAC, PERMITPHONE, BANKMORTGAGELOANAMT, SALESID, EXCEPTIONINTERESTAMT, AUDITOPTID, LOGOUTDATE, MEMO, MAGCARDID, EXTMAGCARDID, MAGCARDUSEDFLAG, UNLOCKDATE, INTERESTTYPEID, BEGININTERESTDATE, ENDINTERESTDATE, GETACCOUNTDATE, GETACCOUNTNUM, TRADECHECKFLAG, RECKONINGCHECKFLAG, NEEDSETTLEAMT, ACCUREDINTERESTAMT, INTERESTAMOUNT, LOGINERRORCOUNT, CREDITFUNDFLAG, SHTRADENETAMT, SZTRADENETAMT, YDMARGINUSEDAMT, MARGINUSEDAMT, REALTIMEAMT, CASHMOVEMENTAMT, CLOSEPNL, COMMISION, REALTIMEPNL, PLEDGEAMT, ACCTATRISKLEVEL, CUSTBRANCHID, EVERYPOSITIONPNL, EVERYRIGHTS, EVERYCURRENTAMT, FLOATPNL, EXCHMARGINUSEDAMT, EXCHCOMMISION, EXCHMORTGAGEUSABLEAMT, MORTGAGEUSABLEAMT, BASEMARGINUSEDAMT, CONTRACTAMTTOTAL, YDEXCHMORTGAGEUSABLEAMT, YDMORTGAGEUSABLEAMT, CONTRACTINTERESTAMOUNT, POSITIONCONTRACTAMT, BEGININGAMT, BUYTRADEFROZENAMT, SUBCUSTODYFLAG, MAINACCTID, ECONTRACTSIGNFLAG, TUSABLEAMT, TODAYREPOAMT, REPOAMT, ASSETAMT, LEVEL2FLAG, MULTINSTANCEID, DELIVERYMARGINAMT, DELIVERYCOMMISION, EXCHANGETOTALAMT, EXCHANGEUSEAMT, PREMIUM, EXCHANGEMARGINFROZEN, EXCHANGEMARGINUSED, EXCHANGECOMMISION, EXCHANGECOMMISIONFROZEN, EXCHANGECLOSEPNL, EXCHANGEREALTIMEPNL, OPTIONBUYOPENLIMITAMT, SUMPNL, T2EXTRAUSABLEAMT, INITCHGUSABLEAMT, INITCHGT2AMT, TOTALCOMMISIONFEE, OPENFROZMARGIN, EXTTRADEPWD, SUBCREDITFUNDFLAG, RSMARGINAMT, RSMARGINUSEDAMT, RSLENDCASHAMT, RSLENDCASHUSEDAMT, SZT2EXTRAUSABLEAMT, T1SHAREUSABLEAMT, USEDT1SHAREUSABLEDAMT, SZUSEDT1SHAREUSABLEDAMT, ACCESSMODE, OPTMARGINUSEDAMT, FASTUPDATECNT, UNDUEREPOAMT, CHANGEPWDDATE, CARRYFORWARDFLAG, CNYFUNDINGGAP, FOREIGNCURRENCYAMT, PREFOREIGNCURRENCYAMT, FOREIGNCURRENCYID, RELATEDACCTID, MORTGAGEAMT, MORTGAGECHGAMT, MORTGAGEMARGINAMT, MORTGAGEAVAILABLEAMT, EXCHMORTGAGEAVAILABLEAMT, TOTALMORTGAGEAMT, DIFFCOMMISION, MAVGREPOAMT) values ('000011721200', '焦振鹏主股东', 'S5lEuv1P', '000011721200', 1, '00', 10204521.870, 0.000, 1000000000.000, 1000000000.000, '', 1000000000.000, 0.000, 0.000, 0.000, 0, 0.000, 0.000, 0.000, 0.000, 0.0000, 0.0000000000000, 0.000, 0.000, 10100000.000, 0.000, 20211210000000, -1, 20220216163617, '0', 0.0500000000, 1, 0.0000, 11329789907.510, 0.000, -1, 0.000000, 0, 0, '', '', '', 0.000, '99990', 0.000, '', -1, '', '', '', 1, -1, 0, 20181008113252, 20181008113252, -1, 0, '1', '1', 0.000, 0.0000, 0.0000, 0, '0', 0.000, 0.000, 0.00, 0.00, 0.00, 0.00, 0.00, 0.00, 0.00, 0.00, '', '000001', 0.000, 0.000, 0.000, 0.000, 0.00, 0.00, 0.00, 0.00, 0.00, 0.00, 0.00, 0.00, 0.00, 0.00, 0.000, 0.000, 0, '000011721200', 'N', 1000000000.000, 0.000, 0.000, 1010009246.870, 'Level1', 0, 0.00, 0.00, 0.00, 0.00, 0.00, 0.00, 0.00, 0.00, 0.00, 0.00, 0.00, 0.000, 1942762.16, 0.000, 0.000, 0.000, 245544.560, 0.000, '', '0', 0.000, 0.000, 0.000, 0.000, 0.000, 0.000, 0.000, 0.000, '0', 0.000, 0, 0.000, -1, 0, 0.000, 0.000, 0.000, '', '', 0.000, 0.000, 0.000, 0.000, 0.000, 0.000, 0.000, 0.000);

insert into account (ACCTID, ACCTNAME, ACCTPWD, CUSTID, MAINACCTFLAG, CURRENCYID, STKVALUE, MINMARGIN, PREVIOUSAMT, CURRENTAMT, CURRENTAMTCHKSUM, USABLEAMT, TRADEFROZENAMT, EXCEPTFROZENAMT, UNCOMEAMT, UNDELIVERYFUNDUSEFLAG, CHKAMT, CHECKASCASHAMT, FINANCEAMT, OVERDRAFTLIMIT, OVERDRAFTINTEREST, OVERDRAFTINTERESTRATE, CHKSAVESUM, CHKFETCHSUM, CASHSAVESUM, CASHFETCHSUM, OPENDATE, LASTMODDATE, LASTPRINTDATE, FETCHMETHOD, DEPOSITRATE, RATEFLAG, DEPOSITINTEREST, DEPOSITSUM, INTEREST, INTERESTCOMPUTEDATE, INTERESTRATE, COOPPURCHASEFLAG, ACCTSTATUS, ACCTPERMITLIST, PERMITMAC, PERMITPHONE, BANKMORTGAGELOANAMT, SALESID, EXCEPTIONINTERESTAMT, AUDITOPTID, LOGOUTDATE, MEMO, MAGCARDID, EXTMAGCARDID, MAGCARDUSEDFLAG, UNLOCKDATE, INTERESTTYPEID, BEGININTERESTDATE, ENDINTERESTDATE, GETACCOUNTDATE, GETACCOUNTNUM, TRADECHECKFLAG, RECKONINGCHECKFLAG, NEEDSETTLEAMT, ACCUREDINTERESTAMT, INTERESTAMOUNT, LOGINERRORCOUNT, CREDITFUNDFLAG, SHTRADENETAMT, SZTRADENETAMT, YDMARGINUSEDAMT, MARGINUSEDAMT, REALTIMEAMT, CASHMOVEMENTAMT, CLOSEPNL, COMMISION, REALTIMEPNL, PLEDGEAMT, ACCTATRISKLEVEL, CUSTBRANCHID, EVERYPOSITIONPNL, EVERYRIGHTS, EVERYCURRENTAMT, FLOATPNL, EXCHMARGINUSEDAMT, EXCHCOMMISION, EXCHMORTGAGEUSABLEAMT, MORTGAGEUSABLEAMT, BASEMARGINUSEDAMT, CONTRACTAMTTOTAL, YDEXCHMORTGAGEUSABLEAMT, YDMORTGAGEUSABLEAMT, CONTRACTINTERESTAMOUNT, POSITIONCONTRACTAMT, BEGININGAMT, BUYTRADEFROZENAMT, SUBCUSTODYFLAG, MAINACCTID, ECONTRACTSIGNFLAG, TUSABLEAMT, TODAYREPOAMT, REPOAMT, ASSETAMT, LEVEL2FLAG, MULTINSTANCEID, DELIVERYMARGINAMT, DELIVERYCOMMISION, EXCHANGETOTALAMT, EXCHANGEUSEAMT, PREMIUM, EXCHANGEMARGINFROZEN, EXCHANGEMARGINUSED, EXCHANGECOMMISION, EXCHANGECOMMISIONFROZEN, EXCHANGECLOSEPNL, EXCHANGEREALTIMEPNL, OPTIONBUYOPENLIMITAMT, SUMPNL, T2EXTRAUSABLEAMT, INITCHGUSABLEAMT, INITCHGT2AMT, TOTALCOMMISIONFEE, OPENFROZMARGIN, EXTTRADEPWD, SUBCREDITFUNDFLAG, RSMARGINAMT, RSMARGINUSEDAMT, RSLENDCASHAMT, RSLENDCASHUSEDAMT, SZT2EXTRAUSABLEAMT, T1SHAREUSABLEAMT, USEDT1SHAREUSABLEDAMT, SZUSEDT1SHAREUSABLEDAMT, ACCESSMODE, OPTMARGINUSEDAMT, FASTUPDATECNT, UNDUEREPOAMT, CHANGEPWDDATE, CARRYFORWARDFLAG, CNYFUNDINGGAP, FOREIGNCURRENCYAMT, PREFOREIGNCURRENCYAMT, FOREIGNCURRENCYID, RELATEDACCTID, MORTGAGEAMT, MORTGAGECHGAMT, MORTGAGEMARGINAMT, MORTGAGEAVAILABLEAMT, EXCHMORTGAGEAVAILABLEAMT, TOTALMORTGAGEAMT, DIFFCOMMISION, MAVGREPOAMT) values ('000011721201', '焦振鹏虚拟股东', 'S5lEuv1P', '000011721201', 1, '00', 10000000.000, 0.000, 10000000.000, 10000000.000, '', 10000000.000, 0.000, 0.000, 0.000, 0, 0.000, 0.000, 0.000, 0.000, 0.0000, 0.0000000000000, 0.000, 0.000, 10000000.000, 0.000, 20211210000000, -1, -1, '0', 0.0076000000, 1, 0.0000, 2481575842.000, 0.000, -1, 0.050000, 0, 0, '', '', '', 0.000, '99990', 0.000, '', -1, '', '', '', 1, -1, 0, 20181009103139, 20181009103139, -1, 0, '1', '1', 0.000, 0.0000, 0.0000, 0, '0', 0.000, 0.000, 0.00, 0.00, 0.00, 0.00, 0.00, 0.00, 0.00, 0.00, '', '000001', 0.000, 0.000, 0.000, 0.000, 0.00, 0.00, 0.00, 0.00, 0.00, 0.00, 0.00, 0.00, 0.00, 0.00, 0.000, 0.000, 0, '000011721201', 'N', 10000000.000, 0.000, 0.000, 20000000.000, 'Level1', 0, 0.00, 0.00, 0.00, 0.00, 0.00, 0.00, 0.00, 0.00, 0.00, 0.00, 0.00, 0.000, 1943446.08, 0.000, 0.000, 0.000, 172041.390, 0.000, '', '0', 0.000, 0.000, 0.000, 0.000, 0.000, 0.000, 0.000, 0.000, '0', 0.000, 0, 0.000, -1, 0, 0.000, 0.000, 0.000, '', '', 0.000, 0.000, 0.000, 0.000, 0.000, 0.000, 0.000, 0.000);

insert into account (ACCTID, ACCTNAME, ACCTPWD, CUSTID, MAINACCTFLAG, CURRENCYID, STKVALUE, MINMARGIN, PREVIOUSAMT, CURRENTAMT, CURRENTAMTCHKSUM, USABLEAMT, TRADEFROZENAMT, EXCEPTFROZENAMT, UNCOMEAMT, UNDELIVERYFUNDUSEFLAG, CHKAMT, CHECKASCASHAMT, FINANCEAMT, OVERDRAFTLIMIT, OVERDRAFTINTEREST, OVERDRAFTINTERESTRATE, CHKSAVESUM, CHKFETCHSUM, CASHSAVESUM, CASHFETCHSUM, OPENDATE, LASTMODDATE, LASTPRINTDATE, FETCHMETHOD, DEPOSITRATE, RATEFLAG, DEPOSITINTEREST, DEPOSITSUM, INTEREST, INTERESTCOMPUTEDATE, INTERESTRATE, COOPPURCHASEFLAG, ACCTSTATUS, ACCTPERMITLIST, PERMITMAC, PERMITPHONE, BANKMORTGAGELOANAMT, SALESID, EXCEPTIONINTERESTAMT, AUDITOPTID, LOGOUTDATE, MEMO, MAGCARDID, EXTMAGCARDID, MAGCARDUSEDFLAG, UNLOCKDATE, INTERESTTYPEID, BEGININTERESTDATE, ENDINTERESTDATE, GETACCOUNTDATE, GETACCOUNTNUM, TRADECHECKFLAG, RECKONINGCHECKFLAG, NEEDSETTLEAMT, ACCUREDINTERESTAMT, INTERESTAMOUNT, LOGINERRORCOUNT, CREDITFUNDFLAG, SHTRADENETAMT, SZTRADENETAMT, YDMARGINUSEDAMT, MARGINUSEDAMT, REALTIMEAMT, CASHMOVEMENTAMT, CLOSEPNL, COMMISION, REALTIMEPNL, PLEDGEAMT, ACCTATRISKLEVEL, CUSTBRANCHID, EVERYPOSITIONPNL, EVERYRIGHTS, EVERYCURRENTAMT, FLOATPNL, EXCHMARGINUSEDAMT, EXCHCOMMISION, EXCHMORTGAGEUSABLEAMT, MORTGAGEUSABLEAMT, BASEMARGINUSEDAMT, CONTRACTAMTTOTAL, YDEXCHMORTGAGEUSABLEAMT, YDMORTGAGEUSABLEAMT, CONTRACTINTERESTAMOUNT, POSITIONCONTRACTAMT, BEGININGAMT, BUYTRADEFROZENAMT, SUBCUSTODYFLAG, MAINACCTID, ECONTRACTSIGNFLAG, TUSABLEAMT, TODAYREPOAMT, REPOAMT, ASSETAMT, LEVEL2FLAG, MULTINSTANCEID, DELIVERYMARGINAMT, DELIVERYCOMMISION, EXCHANGETOTALAMT, EXCHANGEUSEAMT, PREMIUM, EXCHANGEMARGINFROZEN, EXCHANGEMARGINUSED, EXCHANGECOMMISION, EXCHANGECOMMISIONFROZEN, EXCHANGECLOSEPNL, EXCHANGEREALTIMEPNL, OPTIONBUYOPENLIMITAMT, SUMPNL, T2EXTRAUSABLEAMT, INITCHGUSABLEAMT, INITCHGT2AMT, TOTALCOMMISIONFEE, OPENFROZMARGIN, EXTTRADEPWD, SUBCREDITFUNDFLAG, RSMARGINAMT, RSMARGINUSEDAMT, RSLENDCASHAMT, RSLENDCASHUSEDAMT, SZT2EXTRAUSABLEAMT, T1SHAREUSABLEAMT, USEDT1SHAREUSABLEDAMT, SZUSEDT1SHAREUSABLEDAMT, ACCESSMODE, OPTMARGINUSEDAMT, FASTUPDATECNT, UNDUEREPOAMT, CHANGEPWDDATE, CARRYFORWARDFLAG, CNYFUNDINGGAP, FOREIGNCURRENCYAMT, PREFOREIGNCURRENCYAMT, FOREIGNCURRENCYID, RELATEDACCTID, MORTGAGEAMT, MORTGAGECHGAMT, MORTGAGEMARGINAMT, MORTGAGEAVAILABLEAMT, EXCHMORTGAGEAVAILABLEAMT, TOTALMORTGAGEAMT, DIFFCOMMISION, MAVGREPOAMT) values ('000011725200', '焦振鹏主股东', 'S5lEuv1P', '000011725200', 1, '00', 0.000, 0.000, 10000000.000, 9999820.000, '', 9999604.000, 0.000, 216.000, 0.000, 0, 0.000, 0.000, 0.000, 0.000, 0.0000, 0.0000000000000, 0.000, 0.000, 18100000.000, 0.000, 20211210000000, -1, -1, '0', 0.0500000000, 1, 0.0000, 20985146400.520, 0.000, -1, 0.000000, 0, 0, '', '', '', 0.000, '99990', 0.000, '', -1, '', '', '1111', 1, -1, 0, 20181008113252, 20181008113252, -1, 0, '0', '1', 498403.860, 0.0000, 0.0000, 0, '0', 0.000, 0.000, 0.00, 0.00, 0.00, 0.00, 0.00, 0.00, 0.00, 0.00, '', '000001', 0.000, 0.000, 0.000, 0.000, 0.00, 0.00, 0.00, 0.00, 0.00, 0.00, 0.00, 0.00, 0.00, 0.00, 6000000.000, 0.000, 0, '000011725200', 'N', 9999604.000, 0.000, 0.000, 10498403.860, 'Level1', 0, 0.00, 0.00, 0.00, 0.00, 0.00, 0.00, 0.00, 0.00, 0.00, 0.00, 0.00, 0.000, 0.00, 0.000, 0.000, 0.000, 0.000, 0.000, 'ENEGu/tKR0Y=', '0', 0.000, 0.000, 0.000, 0.000, 0.000, 0.000, 0.000, 0.000, '0', 0.000, 0, 0.000, -1, 0, 0.000, 0.000, 0.000, '', '', 0.000, 0.000, 0.000, 0.000, 0.000, 0.000, 0.000, 0.000);

insert into account (ACCTID, ACCTNAME, ACCTPWD, CUSTID, MAINACCTFLAG, CURRENCYID, STKVALUE, MINMARGIN, PREVIOUSAMT, CURRENTAMT, CURRENTAMTCHKSUM, USABLEAMT, TRADEFROZENAMT, EXCEPTFROZENAMT, UNCOMEAMT, UNDELIVERYFUNDUSEFLAG, CHKAMT, CHECKASCASHAMT, FINANCEAMT, OVERDRAFTLIMIT, OVERDRAFTINTEREST, OVERDRAFTINTERESTRATE, CHKSAVESUM, CHKFETCHSUM, CASHSAVESUM, CASHFETCHSUM, OPENDATE, LASTMODDATE, LASTPRINTDATE, FETCHMETHOD, DEPOSITRATE, RATEFLAG, DEPOSITINTEREST, DEPOSITSUM, INTEREST, INTERESTCOMPUTEDATE, INTERESTRATE, COOPPURCHASEFLAG, ACCTSTATUS, ACCTPERMITLIST, PERMITMAC, PERMITPHONE, BANKMORTGAGELOANAMT, SALESID, EXCEPTIONINTERESTAMT, AUDITOPTID, LOGOUTDATE, MEMO, MAGCARDID, EXTMAGCARDID, MAGCARDUSEDFLAG, UNLOCKDATE, INTERESTTYPEID, BEGININTERESTDATE, ENDINTERESTDATE, GETACCOUNTDATE, GETACCOUNTNUM, TRADECHECKFLAG, RECKONINGCHECKFLAG, NEEDSETTLEAMT, ACCUREDINTERESTAMT, INTERESTAMOUNT, LOGINERRORCOUNT, CREDITFUNDFLAG, SHTRADENETAMT, SZTRADENETAMT, YDMARGINUSEDAMT, MARGINUSEDAMT, REALTIMEAMT, CASHMOVEMENTAMT, CLOSEPNL, COMMISION, REALTIMEPNL, PLEDGEAMT, ACCTATRISKLEVEL, CUSTBRANCHID, EVERYPOSITIONPNL, EVERYRIGHTS, EVERYCURRENTAMT, FLOATPNL, EXCHMARGINUSEDAMT, EXCHCOMMISION, EXCHMORTGAGEUSABLEAMT, MORTGAGEUSABLEAMT, BASEMARGINUSEDAMT, CONTRACTAMTTOTAL, YDEXCHMORTGAGEUSABLEAMT, YDMORTGAGEUSABLEAMT, CONTRACTINTERESTAMOUNT, POSITIONCONTRACTAMT, BEGININGAMT, BUYTRADEFROZENAMT, SUBCUSTODYFLAG, MAINACCTID, ECONTRACTSIGNFLAG, TUSABLEAMT, TODAYREPOAMT, REPOAMT, ASSETAMT, LEVEL2FLAG, MULTINSTANCEID, DELIVERYMARGINAMT, DELIVERYCOMMISION, EXCHANGETOTALAMT, EXCHANGEUSEAMT, PREMIUM, EXCHANGEMARGINFROZEN, EXCHANGEMARGINUSED, EXCHANGECOMMISION, EXCHANGECOMMISIONFROZEN, EXCHANGECLOSEPNL, EXCHANGEREALTIMEPNL, OPTIONBUYOPENLIMITAMT, SUMPNL, T2EXTRAUSABLEAMT, INITCHGUSABLEAMT, INITCHGT2AMT, TOTALCOMMISIONFEE, OPENFROZMARGIN, EXTTRADEPWD, SUBCREDITFUNDFLAG, RSMARGINAMT, RSMARGINUSEDAMT, RSLENDCASHAMT, RSLENDCASHUSEDAMT, SZT2EXTRAUSABLEAMT, T1SHAREUSABLEAMT, USEDT1SHAREUSABLEDAMT, SZUSEDT1SHAREUSABLEDAMT, ACCESSMODE, OPTMARGINUSEDAMT, FASTUPDATECNT, UNDUEREPOAMT, CHANGEPWDDATE, CARRYFORWARDFLAG, CNYFUNDINGGAP, FOREIGNCURRENCYAMT, PREFOREIGNCURRENCYAMT, FOREIGNCURRENCYID, RELATEDACCTID, MORTGAGEAMT, MORTGAGECHGAMT, MORTGAGEMARGINAMT, MORTGAGEAVAILABLEAMT, EXCHMORTGAGEAVAILABLEAMT, TOTALMORTGAGEAMT, DIFFCOMMISION, MAVGREPOAMT) values ('000011725201', '焦振鹏虚拟股东', 'S5lEuv1P', '000011725201', 1, '00', 0.000, 0.000, 10000000.000, 10000000.000, '', 10000000.000, 0.000, 0.000, 0.000, 0, 0.000, 0.000, 0.000, 0.000, 0.0000, 0.0000000000000, 0.000, 0.000, 10000000.000, 0.000, 20211210000000, -1, -1, '0', 0.0076000000, 1, 0.0000, 7550735014.130, 0.000, -1, 0.050000, 0, 0, '', '', '', 0.000, '99990', 0.000, '', -1, '', '', '', 1, -1, 0, 20181009103139, 20181009103139, -1, 0, '1', '1', 234781.860, 0.0000, 0.0000, 0, '0', 0.000, 0.000, 0.00, 0.00, 0.00, 0.00, 0.00, 0.00, 0.00, 0.00, '', '000001', 0.000, 0.000, 0.000, 0.000, 0.00, 0.00, 0.00, 0.00, 0.00, 0.00, 0.00, 0.00, 0.00, 0.00, 0.000, 0.000, 0, '000011725201', 'N', 10000000.000, 0.000, 0.000, 10234781.860, 'Level1', 0, 0.00, 0.00, 0.00, 0.00, 0.00, 0.00, 0.00, 0.00, 0.00, 0.00, 0.00, 0.000, -990000.00, 0.000, 0.000, 0.000, 0.000, 0.000, 'ENEGu/tKR0Y=', '0', 0.000, 0.000, 0.000, 0.000, 0.000, 0.000, 0.000, 0.000, '0', 0.000, 0, 0.000, -1, 0, 0.000, 0.000, 0.000, '', '', 0.000, 0.000, 0.000, 0.000, 0.000, 0.000, 0.000, 0.000);

insert into registration (EXCHID, BRANCHID, ACCTID, CUSTID, REGMATCHNUM, REGID, OFFERREGID, REGNAME, REGTYPE, REGPERMITLIST, TRADEPWD, PERSONALID, FIXFLAG, REPURCHASEFIXFLAG, DESKID, AUTOSHAREFLAGLIST, AUTOQUOTAFLAG, LASTPRINTDATE, OPENDATE, EXPIREDATE, REGSTATUS, STKVALUE, CURRENCYID, OPTID, AUDITOPTID, GRANTSTKTYPELIST, STKTRADECHKFLAG, STKRECKCHKFLAG, SIIINO, BONDREGID, BONDREGTYPE, IDENTIFYID, MEMO, CREDITSTOCKFLAG, STDREGID, GEM_RISKSIGNTYPE, GEM_RISKSIGNDATE, GEM_RISKTRADEDATE, GEM_RISKSIGNRSLTFLAG, F_HEDGEFLAG, REPOAMT, UNIFIEDCODE, OPTIONREGPERMITLIST, SETTLESTKVALUE, PROGRAMTRADINGFLAG, BONDHGTZZOPENDATE, UNDUEREPOAMT, CHANGEPWDDATE, SFPOPENDATE, SYNCDATE, BOOKID, JPMACCOUNTID, KEEPCOMBINATIONFLAG, PAUSETRADESTATUS, TRUSTEEDESKID) values ('B', '000001', '000011721200', '000011721200', 0, '0117212000', '0117212000', '焦振鹏主股东', '0', '4^5^7^8^9^A^B^C^E', 'S5lEuv1P', '121212156882', 0, 0, '077011', '', 0, -1, 20181008113253, -1, 0, 203855.0000, '00', '99990', '', 'A0^A1^A2^A3^A4^A5^A8^A9^B0^B4^B8^B9^BA^BB^BC^BD^BE^BF^BG^C1^C2^C3^C4^C5^C6^C7^D1^D3^D4^D7^F1^Z0^Z1', '1', '1', '', '', '', '', '', '0', '', '', -1, -1, 0, 'SPEC', 0.000, '', '', 203855.000, '0', -1, 0.000, -1, -1, -1, '', '', '', 'N', '');

insert into registration (EXCHID, BRANCHID, ACCTID, CUSTID, REGMATCHNUM, REGID, OFFERREGID, REGNAME, REGTYPE, REGPERMITLIST, TRADEPWD, PERSONALID, FIXFLAG, REPURCHASEFIXFLAG, DESKID, AUTOSHAREFLAGLIST, AUTOQUOTAFLAG, LASTPRINTDATE, OPENDATE, EXPIREDATE, REGSTATUS, STKVALUE, CURRENCYID, OPTID, AUDITOPTID, GRANTSTKTYPELIST, STKTRADECHKFLAG, STKRECKCHKFLAG, SIIINO, BONDREGID, BONDREGTYPE, IDENTIFYID, MEMO, CREDITSTOCKFLAG, STDREGID, GEM_RISKSIGNTYPE, GEM_RISKSIGNDATE, GEM_RISKTRADEDATE, GEM_RISKSIGNRSLTFLAG, F_HEDGEFLAG, REPOAMT, UNIFIEDCODE, OPTIONREGPERMITLIST, SETTLESTKVALUE, PROGRAMTRADINGFLAG, BONDHGTZZOPENDATE, UNDUEREPOAMT, CHANGEPWDDATE, SFPOPENDATE, SYNCDATE, BOOKID, JPMACCOUNTID, KEEPCOMBINATIONFLAG, PAUSETRADESTATUS, TRUSTEEDESKID) values ('B', '000001', '000011721201', '000011721201', 0, '0117212001', '0117212000', '焦振鹏虚拟股东', '4', '4^5^7^8^9^A^B^C^D^E', 'S5lEuv1P', '125415451212', 0, 0, '077011', '', 0, -1, 20181009103140, -1, 0, 0.0000, '00', '99990', '', 'A0^A1^A2^A3^A4^A5^A8^A9^B0^B1^B2^B3^B4^B5^B6^B8^B9^BA^BB^BC^BD^BE^BF^BG^C1^C2^C3^C4^C5^C6^C7^C8^D1^D3^D4^D5^D6^D7^F1^Z0', '1', '1', '', '', '', '', '', '0', '', '', -1, -1, 0, 'SPEC', 0.000, '', '', 0.000, '0', -1, 0.000, -1, -1, -1, '', '', '', 'N', '');

insert into registration (EXCHID, BRANCHID, ACCTID, CUSTID, REGMATCHNUM, REGID, OFFERREGID, REGNAME, REGTYPE, REGPERMITLIST, TRADEPWD, PERSONALID, FIXFLAG, REPURCHASEFIXFLAG, DESKID, AUTOSHAREFLAGLIST, AUTOQUOTAFLAG, LASTPRINTDATE, OPENDATE, EXPIREDATE, REGSTATUS, STKVALUE, CURRENCYID, OPTID, AUDITOPTID, GRANTSTKTYPELIST, STKTRADECHKFLAG, STKRECKCHKFLAG, SIIINO, BONDREGID, BONDREGTYPE, IDENTIFYID, MEMO, CREDITSTOCKFLAG, STDREGID, GEM_RISKSIGNTYPE, GEM_RISKSIGNDATE, GEM_RISKTRADEDATE, GEM_RISKSIGNRSLTFLAG, F_HEDGEFLAG, REPOAMT, UNIFIEDCODE, OPTIONREGPERMITLIST, SETTLESTKVALUE, PROGRAMTRADINGFLAG, BONDHGTZZOPENDATE, UNDUEREPOAMT, CHANGEPWDDATE, SFPOPENDATE, SYNCDATE, BOOKID, JPMACCOUNTID, KEEPCOMBINATIONFLAG, PAUSETRADESTATUS, TRUSTEEDESKID) values ('B', '000001', '000011725200', '000011725200', 0, '0117252000', '0117252000', '焦振鹏主股东', '0', '4^5^7^8^9^A^B^C^E^F', 'S5lEuv1P', '121212156882', 0, 0, '077011', '', 0, -1, 20181008113253, -1, 0, 0.0000, '00', '99990', '', 'A0^A1^A2^A3^A4^A5^A8^A9^B0^B4^B8^B9^BA^BB^BC^BD^BE^BF^BG^C1^C2^C3^C4^C5^C6^C7^D1^D3^D4^D7^F1^Z0^Z1', '1', '1', '', '', '', '', '', '0', '', '', -1, -1, 0, 'SPEC', 0.000, '', '', 0.000, '0', -1, 0.000, -1, -1, -1, '', '', 'N', 'N', '');

insert into registration (EXCHID, BRANCHID, ACCTID, CUSTID, REGMATCHNUM, REGID, OFFERREGID, REGNAME, REGTYPE, REGPERMITLIST, TRADEPWD, PERSONALID, FIXFLAG, REPURCHASEFIXFLAG, DESKID, AUTOSHAREFLAGLIST, AUTOQUOTAFLAG, LASTPRINTDATE, OPENDATE, EXPIREDATE, REGSTATUS, STKVALUE, CURRENCYID, OPTID, AUDITOPTID, GRANTSTKTYPELIST, STKTRADECHKFLAG, STKRECKCHKFLAG, SIIINO, BONDREGID, BONDREGTYPE, IDENTIFYID, MEMO, CREDITSTOCKFLAG, STDREGID, GEM_RISKSIGNTYPE, GEM_RISKSIGNDATE, GEM_RISKTRADEDATE, GEM_RISKSIGNRSLTFLAG, F_HEDGEFLAG, REPOAMT, UNIFIEDCODE, OPTIONREGPERMITLIST, SETTLESTKVALUE, PROGRAMTRADINGFLAG, BONDHGTZZOPENDATE, UNDUEREPOAMT, CHANGEPWDDATE, SFPOPENDATE, SYNCDATE, BOOKID, JPMACCOUNTID, KEEPCOMBINATIONFLAG, PAUSETRADESTATUS, TRUSTEEDESKID) values ('B', '000001', '000011725201', '000011725201', 0, '0117252001', '0117252000', '焦振鹏虚拟股东', '4', '', 'S5lEuv1P', '125415451212', 0, 0, '077011', '', 0, -1, 20181009103140, -1, 0, 0.0000, '00', '99990', '', 'A0^A1^A2^A3^A4^A5^A8^A9^B0^B1^B2^B3^B4^B5^B6^B8^B9^BA^BB^BC^BD^BE^BF^BG^C1^C2^C3^C4^C5^C6^C7^C8^D1^D3^D4^D5^D6^D7^F1^Z0', '1', '1', '', '', '', '', '', '0', '', '', -1, -1, 0, 'SPEC', 0.000, '', '', 0.000, '0', -1, 0.000, -1, -1, -1, '', '', 'N', 'N', '');

insert into stkinfo (EXCHID, STKID, CNSPELL, STKNAME, STKENGLISHABBR, STKTYPE, STKINDUSTRYTYPE, STKPARVALUE, TRADETYPE, CLOSEFLAG, DESKID, TOTALCURRENTSTKQTY, LASTYEARPROFIT, THISYEARPROFIT, OCCUPANCYPERPERSON, OCCUPANCYPERBRANCH, STKREGISTERDAY, LISTEDDATE, ENDINGDATE, TRADESTATUS, STKLEVEL, STKALLOTFLAG, STKINDEXFLAG, MAXORDERQTY, MINBUYSTKQTY, MINSELLSTKQTY, MAXORDERPRICE, MINORDERPRICE, UPPERCENT, DOWNPERCENT, PRICELIMITFLAG, AGGPRICELIMIT, CONTPRICELIMIT, TRADEUNIT, QTYPERHAND, ORDERPRICEUNIT, GRANTOPTMODELIST, ORDERUNIT, OFFERUNIT, RETURNUNIT, MARKETVALUEFLAG, TRUSTEESHIPMODE, BSPERMIT, STKWITHDRAWFLAG, ORDERPRICEFLAG, REORDERFLAG, FUNDPROCESSDAYS, UNDELIVERYFUNDUSEFLAG, STKDELIVERYDAYS, UNDELIVERYSTKUSEFLAG, AMAGGTRADEFLAG, AMCONTTRADEFLAG, PMAGGTRADEFLAG, PMCONTTRADEFLAG, NIGHTAGGTRADEFLAG, NIGHTCONTTRADEFLAG, CLOSEPRICE, NEWPRICE, EXCHTOTALKNOCKQTY, EXCHTOTALKNOCKAMT, CLOSETOTALDAYS, ACCUREDINTEREST, ISINCODE, ISINNAME, TOTALSTKQTY, FINALLYUSEPRICE, FLUCTUATINGRATE, MEMO, INPUTTIME, MAXPRICE, MINPRICE, AVERAGEPRICE, UPDOWNPERCENT, FIRSTDAYUPPERCENT, FIRSTDAYDOWNPERCENT, ISCREDITCASHSTK, ISCREDITSHARESTK, ISCMO, CMOSTANDARDRATE, CMORATE, STK52WEEKHI, STK52WEEKLOW, STK52WEEKHIDATE, STK52WEEKLOWDATE, CHANGERATE10, BUY1, SELL1, STKIDPREFIX, BASICSTKID, NAV, BEGININTERESTDATE, BULKTRADINGMAXPRICE, BULKTRADINGMINPRICE, STANDARDCONVERTRATE, PASSCREDITCASHSTK, PASSCREDITSHARESTK, MARKETMARKERFLAG, EXCHTRADETYPE, TRADETIMEFLAG, PAUSETRADESTATUS, CREDITSHARESELLPRICEFLAG, NETVOTEFLAG, OTHERBUSINESSMARK, EXCHMEMO, FIVEDAY_EXCHAVGKNOCKQTY, OPENPRICE, MAXORDERPRICE_CAL, MINORDERPRICE_CAL, TOTALSTKQTY2, XDPRICE, ISCREDITCASHSTK2, ISCREDITSHARESTK2, ISCMO2, MINBUYQTYTIMES, REMAINTRADEDAYS, MINSUBSQTY, TRANSFERSTATUS, TRANSFERTYPE, MARKETMARKERQTY, EXCHSUBSTKTYPE, IPORISKLISTEDDAYS, NOMINALPRICE, YDEXCHTOTALKNOCKQTY, STKISSUETYPE, PERMITFLAG, EXPIRETYPE, CAPTICALCATEGORY, MEDIANEXCHKNOCKQTY, COMPANYTYPE, NOPROFIT, WEIGHTEDVOTINGRIGHTS, LIMITTYPE, MAXMARKETORDERQTY, MINMARKETORDERQTY, NEWSTKNAME, STKSTATUS, ISREGISTRATION, ISVIE, FIXPRICEENABLE, CREDITSHAREFEERATE, SETTLETYPE)values ('B', '092103107', 'YSJZ', '21进出清发107', null, 'ZQ', null, 100.00000000, 'A0', 'F', null, 2000000, 0.11000, 0.00000, 0.0200, 0.0500, -1, 20150326000000, 20180127000000, 'N', 'N', 'N', 'N', 1000000, 100, 1, 130.000, 70.000, 0.00, 0.00, 1, 0.000, 0.000, 1, 10, 0.0010, 'A0^AO^AP^W5', 0, 0, 0, 1, 2, 0, 1, 0, 1, 0, 1, 0, 1, 1, 1, 1, 1, 1, 1, 100.0000, 100.0000, 2101, 22.000, 0, 0.00000000, null, null, 2248681950, 0.000, 0.00000, null, 20160316182913, 70.0310, 70.0010, 0.0105, 0.0000, 0.00, 0.00, 'N', 'N', 'N', 0.000000, 0.000000, 100.0000, 100.0000, 20160317000000, 20160315000000, 0.00000, 70.026, 70.027, '....', '092103', 0.0000, 20160127000000, 0.000, 0.000, 0.0000, 'T', 'T', 'F', 'O', '5', null, '0', 'T', 'N', '证券信息(securities)中的status=', 2101, 0.0000, 130.000, 70.000, 0, 100.0000, 'N', 'N', 'N', 1, -1, -1, null, null, 0, '9', 1, 0.000, 2101, null, null, '0', '02', 2101, null, null, null, null, 1000000, 1, null, 'N', null, null, 'Y', -1.000000, 'S');

insert into stklist (EXCHID, ACCTID, CUSTID, REGID, REGNAME, OFFERREGID, STKID, STKNAME, EXCHTRUSTEESHIPQTY, PREVIOUSQTY, PREVIOUSCOST, STKVALUE, PREVIOUSINCOME, USABLEQTY, CURRENTQTY, UNSALEABLEQTY, SELLFROZENQTY, BUYFROZENQTY, EXCEPTFROZENQTY, REALTIMECOST, REALTIMEINCOME, CURRENCYID, STKTYPE, TRADETYPE, DESKID, CURRENTSTKVALUE, NEWPRICE, ETFKNOCKQTY, SELLUSEDQTY, ETFUSEDQTY, NEEDSETTLEQTY, IMPAWNQTY, WARRANTUSEDQTY, BONDPLEDGEQTY, BONDPLEDGEUSABLEQTY, HOLDSTATUS, CREDITSHAREUSEDQTY, CURRENTCREDITSHAREQTY, CREDITSHAREFROZENQTY, GUARANTYQTY, CURRENTQTYF, CUSTBRANCHID, GOINGBUYQTY, TOTALSELLQTY, SELLLIMITQTY, WAITSETTLEQTY, EXCHFROZENQTY, DIVIDENDAMT, DIVIDENDQTY, AGREEREPOQTY, QBONDPLEDGEQTY, QBONDPLEDGEUSABLEQTY, EXCHSELLFROZENQTY, ETFPURCHASEFROZENQTY, INTSUSABLEQTY, INTSBUYFROZENQTY, INTSSELLUSEDQTY, TDTOTALOPENAMT, TDTOTALOPENQTY, TDTOTALCLOSEAMT, TDTOTALCLOSEQTY, TDTOTALOPENFEE, TDTOTALCLOSEFEE, COVEREDFROZENQTY, COVEREDFROZENUSABLEQTY, COVEREDFROZENPOSITIONQTY, SETTLEPREVIOUSCOST, SETTLESTKVALUE, SETTLEPREVIOUSINCOME, EXCHRATE, CREDITINSHAREUSEDQTY, CREDITINSHAREQTY, CREDITOUTSHAREUSEDQTY, CREDITOUTSHAREQTY, NOUSEINITQTY, USEDUNFROZENQTY, FASTUPDATECNT, CREDITSPAREQTY, TDTOTALNOTBUYQTY, TDTOTALNOTSELLQTY, OCCURCREDITLOCKSHAREQTY, GAPFROZENQTY, ZRTTRANSQTY, CREDITSHAREGOINGQTY, CREDITUSABLEQTY, CREDITBUYFROZENQTY)values ('B', '000011721200', '000011721200', '0117212000', '焦振鹏主股东', '0117212000', '092103107', '21进出清发107', 0, 0, 104.78000000, 700000.0000, 0.000, 7000, 7000, 0, 0, 0, 0, 0.000, 0.000, '00', 'ZQ', 'A0', '077011', 0.0000, 0.0000, 0, 0, 0, 0, 0, 0, 0, 0, 0, 0, 0, 0, 0, 0.00, '000001', 0, 0, 0, 0, 0, 0.000, 0, 0, 0, 0, 0, 0, 0, 0, 0, 0.000, 0, 0.000, 0, 0.000, 0.000, 0, 0, 0, 0.00000000, 0.0000, 0.000, 1.000000, 0, 0, 0, 0, 0, 0, 0, 0, 0, 0, 0, 0, 0, 0, 0, 0);
insert into stklist (EXCHID, ACCTID, CUSTID, REGID, REGNAME, OFFERREGID, STKID, STKNAME, EXCHTRUSTEESHIPQTY, PREVIOUSQTY, PREVIOUSCOST, STKVALUE, PREVIOUSINCOME, USABLEQTY, CURRENTQTY, UNSALEABLEQTY, SELLFROZENQTY, BUYFROZENQTY, EXCEPTFROZENQTY, REALTIMECOST, REALTIMEINCOME, CURRENCYID, STKTYPE, TRADETYPE, DESKID, CURRENTSTKVALUE, NEWPRICE, ETFKNOCKQTY, SELLUSEDQTY, ETFUSEDQTY, NEEDSETTLEQTY, IMPAWNQTY, WARRANTUSEDQTY, BONDPLEDGEQTY, BONDPLEDGEUSABLEQTY, HOLDSTATUS, CREDITSHAREUSEDQTY, CURRENTCREDITSHAREQTY, CREDITSHAREFROZENQTY, GUARANTYQTY, CURRENTQTYF, CUSTBRANCHID, GOINGBUYQTY, TOTALSELLQTY, SELLLIMITQTY, WAITSETTLEQTY, EXCHFROZENQTY, DIVIDENDAMT, DIVIDENDQTY, AGREEREPOQTY, QBONDPLEDGEQTY, QBONDPLEDGEUSABLEQTY, EXCHSELLFROZENQTY, ETFPURCHASEFROZENQTY, INTSUSABLEQTY, INTSBUYFROZENQTY, INTSSELLUSEDQTY, TDTOTALOPENAMT, TDTOTALOPENQTY, TDTOTALCLOSEAMT, TDTOTALCLOSEQTY, TDTOTALOPENFEE, TDTOTALCLOSEFEE, COVEREDFROZENQTY, COVEREDFROZENUSABLEQTY, COVEREDFROZENPOSITIONQTY, SETTLEPREVIOUSCOST, SETTLESTKVALUE, SETTLEPREVIOUSINCOME, EXCHRATE, CREDITINSHAREUSEDQTY, CREDITINSHAREQTY, CREDITOUTSHAREUSEDQTY, CREDITOUTSHAREQTY, NOUSEINITQTY, USEDUNFROZENQTY, FASTUPDATECNT, CREDITSPAREQTY, TDTOTALNOTBUYQTY, TDTOTALNOTSELLQTY, OCCURCREDITLOCKSHAREQTY, GAPFROZENQTY, ZRTTRANSQTY, CREDITSHAREGOINGQTY, CREDITUSABLEQTY, CREDITBUYFROZENQTY)values ('B', '000011721201', '000011721201', '0117212001', '焦振鹏虚拟股东', '0117212000', '092103107', '21进出清发107', 0, 0, 104.78000000, 300000.0000, 0.000, 3000, 3000, 0, 0, 0, 0, 0.000, 0.000, '00', 'ZQ', 'A0', '077011', 0.0000, 0.0000, 0, 0, 0, 0, 0, 0, 0, 0, 0, 0, 0, 0, 0, 0.00, '000001', 0, 0, 0, 0, 0, 0.000, 0, 0, 0, 0, 0, 0, 0, 0, 0, 0.000, 0, 0.000, 0, 0.000, 0.000, 0, 0, 0, 0.00000000, 0.0000, 0.000, 1.000000, 0, 0, 0, 0, 0, 0, 0, 0, 0, 0, 0, 0, 0, 0, 0, 0);
insert into stklist (EXCHID, ACCTID, CUSTID, REGID, REGNAME, OFFERREGID, STKID, STKNAME, EXCHTRUSTEESHIPQTY, PREVIOUSQTY, PREVIOUSCOST, STKVALUE, PREVIOUSINCOME, USABLEQTY, CURRENTQTY, UNSALEABLEQTY, SELLFROZENQTY, BUYFROZENQTY, EXCEPTFROZENQTY, REALTIMECOST, REALTIMEINCOME, CURRENCYID, STKTYPE, TRADETYPE, DESKID, CURRENTSTKVALUE, NEWPRICE, ETFKNOCKQTY, SELLUSEDQTY, ETFUSEDQTY, NEEDSETTLEQTY, IMPAWNQTY, WARRANTUSEDQTY, BONDPLEDGEQTY, BONDPLEDGEUSABLEQTY, HOLDSTATUS, CREDITSHAREUSEDQTY, CURRENTCREDITSHAREQTY, CREDITSHAREFROZENQTY, GUARANTYQTY, CURRENTQTYF, CUSTBRANCHID, GOINGBUYQTY, TOTALSELLQTY, SELLLIMITQTY, WAITSETTLEQTY, EXCHFROZENQTY, DIVIDENDAMT, DIVIDENDQTY, AGREEREPOQTY, QBONDPLEDGEQTY, QBONDPLEDGEUSABLEQTY, EXCHSELLFROZENQTY, ETFPURCHASEFROZENQTY, INTSUSABLEQTY, INTSBUYFROZENQTY, INTSSELLUSEDQTY, TDTOTALOPENAMT, TDTOTALOPENQTY, TDTOTALCLOSEAMT, TDTOTALCLOSEQTY, TDTOTALOPENFEE, TDTOTALCLOSEFEE, COVEREDFROZENQTY, COVEREDFROZENUSABLEQTY, COVEREDFROZENPOSITIONQTY, SETTLEPREVIOUSCOST, SETTLESTKVALUE, SETTLEPREVIOUSINCOME, EXCHRATE, CREDITINSHAREUSEDQTY, CREDITINSHAREQTY, CREDITOUTSHAREUSEDQTY, CREDITOUTSHAREQTY, NOUSEINITQTY, USEDUNFROZENQTY, FASTUPDATECNT, CREDITSPAREQTY, TDTOTALNOTBUYQTY, TDTOTALNOTSELLQTY, OCCURCREDITLOCKSHAREQTY, GAPFROZENQTY, ZRTTRANSQTY, CREDITSHAREGOINGQTY, CREDITUSABLEQTY, CREDITBUYFROZENQTY)values ('B', '000011725200', '000011725200', '0117252000', '焦振鹏主股东', '0117252000', '092103107', '21进出清发107', 0, 0, 102.78000000, 700000.0000, 0.000, 6000, 6000, 0, 0, 0, 0, 0.000, 0.000, '00', 'ZQ', 'A0', '077011', 0.0000, 0.0000, 0, 0, 0, 0, 0, 0, 0, 0, 0, 0, 0, 0, 0, 0.00, '000001', 0, 0, 0, 0, 0, 0.000, 0, 0, 0, 0, 0, 0, 0, 0, 0, 0.000, 0, 0.000, 0, 0.000, 0.000, 0, 0, 0, 0.00000000, 0.0000, 0.000, 1.000000, 0, 0, 0, 0, 0, 0, 0, 0, 0, 0, 0, 0, 0, 0, 0, 0);
insert into stklist (EXCHID, ACCTID, CUSTID, REGID, REGNAME, OFFERREGID, STKID, STKNAME, EXCHTRUSTEESHIPQTY, PREVIOUSQTY, PREVIOUSCOST, STKVALUE, PREVIOUSINCOME, USABLEQTY, CURRENTQTY, UNSALEABLEQTY, SELLFROZENQTY, BUYFROZENQTY, EXCEPTFROZENQTY, REALTIMECOST, REALTIMEINCOME, CURRENCYID, STKTYPE, TRADETYPE, DESKID, CURRENTSTKVALUE, NEWPRICE, ETFKNOCKQTY, SELLUSEDQTY, ETFUSEDQTY, NEEDSETTLEQTY, IMPAWNQTY, WARRANTUSEDQTY, BONDPLEDGEQTY, BONDPLEDGEUSABLEQTY, HOLDSTATUS, CREDITSHAREUSEDQTY, CURRENTCREDITSHAREQTY, CREDITSHAREFROZENQTY, GUARANTYQTY, CURRENTQTYF, CUSTBRANCHID, GOINGBUYQTY, TOTALSELLQTY, SELLLIMITQTY, WAITSETTLEQTY, EXCHFROZENQTY, DIVIDENDAMT, DIVIDENDQTY, AGREEREPOQTY, QBONDPLEDGEQTY, QBONDPLEDGEUSABLEQTY, EXCHSELLFROZENQTY, ETFPURCHASEFROZENQTY, INTSUSABLEQTY, INTSBUYFROZENQTY, INTSSELLUSEDQTY, TDTOTALOPENAMT, TDTOTALOPENQTY, TDTOTALCLOSEAMT, TDTOTALCLOSEQTY, TDTOTALOPENFEE, TDTOTALCLOSEFEE, COVEREDFROZENQTY, COVEREDFROZENUSABLEQTY, COVEREDFROZENPOSITIONQTY, SETTLEPREVIOUSCOST, SETTLESTKVALUE, SETTLEPREVIOUSINCOME, EXCHRATE, CREDITINSHAREUSEDQTY, CREDITINSHAREQTY, CREDITOUTSHAREUSEDQTY, CREDITOUTSHAREQTY, NOUSEINITQTY, USEDUNFROZENQTY, FASTUPDATECNT, CREDITSPAREQTY, TDTOTALNOTBUYQTY, TDTOTALNOTSELLQTY, OCCURCREDITLOCKSHAREQTY, GAPFROZENQTY, ZRTTRANSQTY, CREDITSHAREGOINGQTY, CREDITUSABLEQTY, CREDITBUYFROZENQTY)values ('B', '000011725201', '000011725201', '0117252001', '焦振鹏虚拟股东', '0117252000', '092103107', '21进出清发107', 0, 0, 102.78000000, 300000.0000, 0.000, 4000, 4000, 0, 0, 0, 0, 0.000, 0.000, '00', 'ZQ', 'A0', '077011', 0.0000, 0.0000, 0, 0, 0, 0, 0, 0, 0, 0, 0, 0, 0, 0, 0, 0.00, '000001', 0, 0, 0, 0, 0, 0.000, 0, 0, 0, 0, 0, 0, 0, 0, 0, 0.000, 0, 0.000, 0, 0.000, 0.000, 0, 0, 0, 0.00000000, 0.0000, 0.000, 1.000000, 0, 0, 0, 0, 0, 0, 0, 0, 0, 0, 0, 0, 0, 0, 0, 0);