delete FROM stkinfo where exchid in ('6','9') and stkid in ('874767','871056','989030','989031');
delete FROM stklist where acctid in ('000011721600') and stkid in ('874767','871056','989030','989031');
delete FROM stklistextend where acctid in ('000011721600') and stkid in ('874767','871056','989030','989031');
delete FROM unprocessedrightsinterests where REGID='GZ11721600' and  stkid in ('874767','871056','989030','989031');
delete FROM custSellLimitTax where exchid in ('6','9') and   stkid in ('874767','871056','989030','989031');

insert into stkinfo (EXCHID, STKID, CNSPELL, STKNAME, STKENGLISHABBR, STKTYPE, STKINDUSTRYTYPE, STKPARVALUE, TRADETYPE, CLOSEFLAG, DESKID, TOTALCURRENTSTKQTY, LASTYEARPROFIT, THISYEARPROFIT, OCCUPANCYPERPERSON, OCCUPANCYPERBRANCH, STKREGISTERDAY, LISTEDDATE, ENDINGDATE, TRADESTATUS, STKLEVEL, STKALLOTFLAG, STKINDEXFLAG, MAXORDERQTY, MINBUYSTKQTY, MINSELLSTKQTY, MAXORDERPRICE, MINORDERPRICE, UPPERCENT, DOWNPERCENT, PRICELIMITFLAG, AGGPRICELIMIT, CONTPRICELIMIT, TRADEUNIT, QTYPERHAND, ORDERPRICEUNIT, GRANTOPTMODELIST, ORDERUNIT, OFFERUNIT, RETURNUNIT, MARKETVALUEFLAG, TRUSTEESHIPMODE, BSPERMIT, STKWITHDRAWFLAG, ORDERPRICEFLAG, REORDERFLAG, FUNDPROCESSDAYS, UNDELIVERYFUNDUSEFLAG, STKDELIVERYDAYS, UNDELIVERYSTKUSEFLAG, AMAGGTRADEFLAG, AMCONTTRADEFLAG, PMAGGTRADEFLAG, PMCONTTRADEFLAG, NIGHTAGGTRADEFLAG, NIGHTCONTTRADEFLAG, CLOSEPRICE, NEWPRICE, EXCHTOTALKNOCKQTY, EXCHTOTALKNOCKAMT, CLOSETOTALDAYS, ACCUREDINTEREST, ISINCODE, ISINNAME, TOTALSTKQTY, FINALLYUSEPRICE, FLUCTUATINGRATE, MEMO, INPUTTIME, MAXPRICE, MINPRICE, AVERAGEPRICE, UPDOWNPERCENT, FIRSTDAYUPPERCENT, FIRSTDAYDOWNPERCENT, ISCREDITCASHSTK, ISCREDITSHARESTK, ISCMO, CMOSTANDARDRATE, CMORATE, STK52WEEKHI, STK52WEEKLOW, STK52WEEKHIDATE, STK52WEEKLOWDATE, CHANGERATE10, BUY1, SELL1, STKIDPREFIX, BASICSTKID, NAV, BEGININTERESTDATE, BULKTRADINGMAXPRICE, BULKTRADINGMINPRICE, STANDARDCONVERTRATE, PASSCREDITCASHSTK, PASSCREDITSHARESTK, MARKETMARKERFLAG, EXCHTRADETYPE, TRADETIMEFLAG, PAUSETRADESTATUS, CREDITSHARESELLPRICEFLAG, NETVOTEFLAG, OTHERBUSINESSMARK, EXCHMEMO, FIVEDAY_EXCHAVGKNOCKQTY, OPENPRICE, MAXORDERPRICE_CAL, MINORDERPRICE_CAL, TOTALSTKQTY2, XDPRICE, ISCREDITCASHSTK2, ISCREDITSHARESTK2, ISCMO2, MINBUYQTYTIMES, REMAINTRADEDAYS, MINSUBSQTY, TRANSFERSTATUS, TRANSFERTYPE, MARKETMARKERQTY, EXCHSUBSTKTYPE, IPORISKLISTEDDAYS, NOMINALPRICE, YDEXCHTOTALKNOCKQTY, STKISSUETYPE, PERMITFLAG, EXPIRETYPE, CAPTICALCATEGORY, MEDIANEXCHKNOCKQTY, COMPANYTYPE, NOPROFIT, WEIGHTEDVOTINGRIGHTS, LIMITTYPE, MAXMARKETORDERQTY, MINMARKETORDERQTY, NEWSTKNAME, STKSTATUS, ISREGISTRATION, ISVIE, FIXPRICEENABLE, CREDITSHAREFEERATE, SETTLETYPE, LIMITCMORATE)
values ('6', '871056', 'JSHS', '江苏华商', '', 'A0', 'G58', '1', 'A0', 'F', '', '76638705', '.0725', '0', '.02', '.05', '-1', '20170314000000', '-1', 'N', '6T', 'N', '', '1000000', '100', '1', '30', '7.5', '0', '0', '0', '0', '0', '1', '100', '.01', 'A0^A1^AO^W5', '0', '0', '0', '1', '2', '0', '1', '0', '1', '0', '1', '1', '1', '1', '1', '1', '1', '1', '1', '8.9', '8.9', '0', '0', '0', '0', '', '', '122100000', '0', '0', '', '20200219083000', '0', '0', '13', '0', '0', '0', 'N', 'N', 'N', '100', '0', '0', '0', '-1', '-1', '0', '0', '0', '', '0', '0', '-1', '0', '0', '0', 'T', 'T', '', '', '', '', '1', '', 'FF', '', '0', '0', '30', '7.5', '0', '8.9', 'N', 'N', 'N', '1', '-1', '-1', 'N', 'C', '0', '', '1', '0', '0', '', '', '0', '', '0', '精选层', '', 'N', '', '1000000', '1', '', 'N', '', '', 'Y', '-1', 'S', '-1');

insert into stkinfo (EXCHID, STKID, CNSPELL, STKNAME, STKENGLISHABBR, STKTYPE, STKINDUSTRYTYPE, STKPARVALUE, TRADETYPE, CLOSEFLAG, DESKID, TOTALCURRENTSTKQTY, LASTYEARPROFIT, THISYEARPROFIT, OCCUPANCYPERPERSON, OCCUPANCYPERBRANCH, STKREGISTERDAY, LISTEDDATE, ENDINGDATE, TRADESTATUS, STKLEVEL, STKALLOTFLAG, STKINDEXFLAG, MAXORDERQTY, MINBUYSTKQTY, MINSELLSTKQTY, MAXORDERPRICE, MINORDERPRICE, UPPERCENT, DOWNPERCENT, PRICELIMITFLAG, AGGPRICELIMIT, CONTPRICELIMIT, TRADEUNIT, QTYPERHAND, ORDERPRICEUNIT, GRANTOPTMODELIST, ORDERUNIT, OFFERUNIT, RETURNUNIT, MARKETVALUEFLAG, TRUSTEESHIPMODE, BSPERMIT, STKWITHDRAWFLAG, ORDERPRICEFLAG, REORDERFLAG, FUNDPROCESSDAYS, UNDELIVERYFUNDUSEFLAG, STKDELIVERYDAYS, UNDELIVERYSTKUSEFLAG, AMAGGTRADEFLAG, AMCONTTRADEFLAG, PMAGGTRADEFLAG, PMCONTTRADEFLAG, NIGHTAGGTRADEFLAG, NIGHTCONTTRADEFLAG, CLOSEPRICE, NEWPRICE, EXCHTOTALKNOCKQTY, EXCHTOTALKNOCKAMT, CLOSETOTALDAYS, ACCUREDINTEREST, ISINCODE, ISINNAME, TOTALSTKQTY, FINALLYUSEPRICE, FLUCTUATINGRATE, MEMO, INPUTTIME, MAXPRICE, MINPRICE, AVERAGEPRICE, UPDOWNPERCENT, FIRSTDAYUPPERCENT, FIRSTDAYDOWNPERCENT, ISCREDITCASHSTK, ISCREDITSHARESTK, ISCMO, CMOSTANDARDRATE, CMORATE, STK52WEEKHI, STK52WEEKLOW, STK52WEEKHIDATE, STK52WEEKLOWDATE, CHANGERATE10, BUY1, SELL1, STKIDPREFIX, BASICSTKID, NAV, BEGININTERESTDATE, BULKTRADINGMAXPRICE, BULKTRADINGMINPRICE, STANDARDCONVERTRATE, PASSCREDITCASHSTK, PASSCREDITSHARESTK, MARKETMARKERFLAG, EXCHTRADETYPE, TRADETIMEFLAG, PAUSETRADESTATUS, CREDITSHARESELLPRICEFLAG, NETVOTEFLAG, OTHERBUSINESSMARK, EXCHMEMO, FIVEDAY_EXCHAVGKNOCKQTY, OPENPRICE, MAXORDERPRICE_CAL, MINORDERPRICE_CAL, TOTALSTKQTY2, XDPRICE, ISCREDITCASHSTK2, ISCREDITSHARESTK2, ISCMO2, MINBUYQTYTIMES, REMAINTRADEDAYS, MINSUBSQTY, TRANSFERSTATUS, TRANSFERTYPE, MARKETMARKERQTY, EXCHSUBSTKTYPE, IPORISKLISTEDDAYS, NOMINALPRICE, YDEXCHTOTALKNOCKQTY, STKISSUETYPE, PERMITFLAG, EXPIRETYPE, CAPTICALCATEGORY, MEDIANEXCHKNOCKQTY, COMPANYTYPE, NOPROFIT, WEIGHTEDVOTINGRIGHTS, LIMITTYPE, MAXMARKETORDERQTY, MINMARKETORDERQTY, NEWSTKNAME, STKSTATUS, ISREGISTRATION, ISVIE, FIXPRICEENABLE, CREDITSHAREFEERATE, SETTLETYPE, LIMITCMORATE)
values ('6', '874767', 'FZYYQL', '仿真1176', '', 'A0', 'C40', '1', 'A0', 'F', '', '6500000', '.63', '0', '.02', '.05', '-1', '20181010000000', '-1', 'N', '6T', '', '', '1000000', '100', '1', '99999.99', '0', '0', '0', '0', '0', '0', '1', '100', '.01', 'A0^A1^AO^W5', '0', '0', '0', '1', '2', '0', '1', '0', '1', '0', '1', '1', '1', '1', '1', '1', '1', '1', '1', '0', '0', '0', '0', '0', '0', '', '', '6500000', '0', '0', '', '20200219083000', '0', '0', '0', '0', '0', '0', 'N', 'N', 'N', '100', '0', '0', '0', '-1', '-1', '0', '0', '0', '', '0', '0', '-1', '0', '0', '0', 'T', 'T', '', '', '', '', '1', '', 'F   ', '', '0', '0', '99999.99', '0', '0', '0', 'N', 'N', 'N', '1', '-1', '-1', 'N', 'B', '0', '', '1', '0', '0', '', '', '0', '', '0', '', '', '', '', '1000000', '1', '', 'N', '', '', 'Y', '-1', 'S', '-1');


insert into stkinfo (EXCHID, STKID, CNSPELL, STKNAME, STKENGLISHABBR, STKTYPE, STKINDUSTRYTYPE, STKPARVALUE, TRADETYPE, CLOSEFLAG, DESKID, TOTALCURRENTSTKQTY, LASTYEARPROFIT, THISYEARPROFIT, OCCUPANCYPERPERSON, OCCUPANCYPERBRANCH, STKREGISTERDAY, LISTEDDATE, ENDINGDATE, TRADESTATUS, STKLEVEL, STKALLOTFLAG, STKINDEXFLAG, MAXORDERQTY, MINBUYSTKQTY, MINSELLSTKQTY, MAXORDERPRICE, MINORDERPRICE, UPPERCENT, DOWNPERCENT, PRICELIMITFLAG, AGGPRICELIMIT, CONTPRICELIMIT, TRADEUNIT, QTYPERHAND, ORDERPRICEUNIT, GRANTOPTMODELIST, ORDERUNIT, OFFERUNIT, RETURNUNIT, MARKETVALUEFLAG, TRUSTEESHIPMODE, BSPERMIT, STKWITHDRAWFLAG, ORDERPRICEFLAG, REORDERFLAG, FUNDPROCESSDAYS, UNDELIVERYFUNDUSEFLAG, STKDELIVERYDAYS, UNDELIVERYSTKUSEFLAG, AMAGGTRADEFLAG, AMCONTTRADEFLAG, PMAGGTRADEFLAG, PMCONTTRADEFLAG, NIGHTAGGTRADEFLAG, NIGHTCONTTRADEFLAG, CLOSEPRICE, NEWPRICE, EXCHTOTALKNOCKQTY, EXCHTOTALKNOCKAMT, CLOSETOTALDAYS, ACCUREDINTEREST, ISINCODE, ISINNAME, TOTALSTKQTY, FINALLYUSEPRICE, FLUCTUATINGRATE, MEMO, INPUTTIME, MAXPRICE, MINPRICE, AVERAGEPRICE, UPDOWNPERCENT, FIRSTDAYUPPERCENT, FIRSTDAYDOWNPERCENT, ISCREDITCASHSTK, ISCREDITSHARESTK, ISCMO, CMOSTANDARDRATE, CMORATE, STK52WEEKHI, STK52WEEKLOW, STK52WEEKHIDATE, STK52WEEKLOWDATE, CHANGERATE10, BUY1, SELL1, STKIDPREFIX, BASICSTKID, NAV, BEGININTERESTDATE, BULKTRADINGMAXPRICE, BULKTRADINGMINPRICE, STANDARDCONVERTRATE, PASSCREDITCASHSTK, PASSCREDITSHARESTK, MARKETMARKERFLAG, EXCHTRADETYPE, TRADETIMEFLAG, PAUSETRADESTATUS, CREDITSHARESELLPRICEFLAG, NETVOTEFLAG, OTHERBUSINESSMARK, EXCHMEMO, FIVEDAY_EXCHAVGKNOCKQTY, OPENPRICE, MAXORDERPRICE_CAL, MINORDERPRICE_CAL, TOTALSTKQTY2, XDPRICE, ISCREDITCASHSTK2, ISCREDITSHARESTK2, ISCMO2, MINBUYQTYTIMES, REMAINTRADEDAYS, MINSUBSQTY, TRANSFERSTATUS, TRANSFERTYPE, MARKETMARKERQTY, EXCHSUBSTKTYPE, IPORISKLISTEDDAYS, NOMINALPRICE, YDEXCHTOTALKNOCKQTY, STKISSUETYPE, PERMITFLAG, EXPIRETYPE, CAPTICALCATEGORY, MEDIANEXCHKNOCKQTY, COMPANYTYPE, NOPROFIT, WEIGHTEDVOTINGRIGHTS, LIMITTYPE, MAXMARKETORDERQTY, MINMARKETORDERQTY, NEWSTKNAME, STKSTATUS, ISREGISTRATION, ISVIE, FIXPRICEENABLE, CREDITSHAREFEERATE, SETTLETYPE, LIMITCMORATE)
values ('9', '989030', 'LSKJ', '989030', '', 'A0', 'C39', '1', 'A0', 'F', '', '10135089', '1.5547', '0', '.02', '.05', '-1', '20170920000000', '-1', 'N', '9T', 'N', '', '1000000', '100', '1', '60', '15', '0', '0', '0', '0', '0', '1', '100', '.01', 'A0^A1^AO^W5', '0', '0', '0', '1', '2', '0', '1', '0', '1', '0', '1', '1', '1', '1', '1', '1', '1', '1', '1', '35.01', '35.01', '0', '0', '0', '0', '', '', '50000001', '0', '0', '', '20200219083000', '0', '0', '22.8', '0', '0', '0', 'N', 'N', 'N', '100', '0', '0', '0', '-1', '-1', '0', '0', '0', '', '0', '0', '-1', '0', '0', '0', 'T', 'T', '', '', '', '', '1', '', 'FF', '', '0', '0', '0', '0', '0', '35.01', 'N', 'N', 'N', '1', '-1', '-1', 'N', 'C', '0', '', '1', '0', '0', '', '', '0', '', '0', '', '', 'N', '', '1000000', '1', '', 'N', '', '', 'Y', '-1', 'S', '-1');

insert into stkinfo (EXCHID, STKID, CNSPELL, STKNAME, STKENGLISHABBR, STKTYPE, STKINDUSTRYTYPE, STKPARVALUE, TRADETYPE, CLOSEFLAG, DESKID, TOTALCURRENTSTKQTY, LASTYEARPROFIT, THISYEARPROFIT, OCCUPANCYPERPERSON, OCCUPANCYPERBRANCH, STKREGISTERDAY, LISTEDDATE, ENDINGDATE, TRADESTATUS, STKLEVEL, STKALLOTFLAG, STKINDEXFLAG, MAXORDERQTY, MINBUYSTKQTY, MINSELLSTKQTY, MAXORDERPRICE, MINORDERPRICE, UPPERCENT, DOWNPERCENT, PRICELIMITFLAG, AGGPRICELIMIT, CONTPRICELIMIT, TRADEUNIT, QTYPERHAND, ORDERPRICEUNIT, GRANTOPTMODELIST, ORDERUNIT, OFFERUNIT, RETURNUNIT, MARKETVALUEFLAG, TRUSTEESHIPMODE, BSPERMIT, STKWITHDRAWFLAG, ORDERPRICEFLAG, REORDERFLAG, FUNDPROCESSDAYS, UNDELIVERYFUNDUSEFLAG, STKDELIVERYDAYS, UNDELIVERYSTKUSEFLAG, AMAGGTRADEFLAG, AMCONTTRADEFLAG, PMAGGTRADEFLAG, PMCONTTRADEFLAG, NIGHTAGGTRADEFLAG, NIGHTCONTTRADEFLAG, CLOSEPRICE, NEWPRICE, EXCHTOTALKNOCKQTY, EXCHTOTALKNOCKAMT, CLOSETOTALDAYS, ACCUREDINTEREST, ISINCODE, ISINNAME, TOTALSTKQTY, FINALLYUSEPRICE, FLUCTUATINGRATE, MEMO, INPUTTIME, MAXPRICE, MINPRICE, AVERAGEPRICE, UPDOWNPERCENT, FIRSTDAYUPPERCENT, FIRSTDAYDOWNPERCENT, ISCREDITCASHSTK, ISCREDITSHARESTK, ISCMO, CMOSTANDARDRATE, CMORATE, STK52WEEKHI, STK52WEEKLOW, STK52WEEKHIDATE, STK52WEEKLOWDATE, CHANGERATE10, BUY1, SELL1, STKIDPREFIX, BASICSTKID, NAV, BEGININTERESTDATE, BULKTRADINGMAXPRICE, BULKTRADINGMINPRICE, STANDARDCONVERTRATE, PASSCREDITCASHSTK, PASSCREDITSHARESTK, MARKETMARKERFLAG, EXCHTRADETYPE, TRADETIMEFLAG, PAUSETRADESTATUS, CREDITSHARESELLPRICEFLAG, NETVOTEFLAG, OTHERBUSINESSMARK, EXCHMEMO, FIVEDAY_EXCHAVGKNOCKQTY, OPENPRICE, MAXORDERPRICE_CAL, MINORDERPRICE_CAL, TOTALSTKQTY2, XDPRICE, ISCREDITCASHSTK2, ISCREDITSHARESTK2, ISCMO2, MINBUYQTYTIMES, REMAINTRADEDAYS, MINSUBSQTY, TRANSFERSTATUS, TRANSFERTYPE, MARKETMARKERQTY, EXCHSUBSTKTYPE, IPORISKLISTEDDAYS, NOMINALPRICE, YDEXCHTOTALKNOCKQTY, STKISSUETYPE, PERMITFLAG, EXPIRETYPE, CAPTICALCATEGORY, MEDIANEXCHKNOCKQTY, COMPANYTYPE, NOPROFIT, WEIGHTEDVOTINGRIGHTS, LIMITTYPE, MAXMARKETORDERQTY, MINMARKETORDERQTY, NEWSTKNAME, STKSTATUS, ISREGISTRATION, ISVIE, FIXPRICEENABLE, CREDITSHAREFEERATE, SETTLETYPE, LIMITCMORATE)
values ('9', '989031', 'BZBA', '989031', '', 'A0', 'L72', '1', 'A0', 'F', '', '15000000', '.9775', '0', '.02', '.05', '-1', '20170926000000', '-1', 'N', '9T', 'N', '', '1000000', '100', '1', '99999.99', '0', '0', '0', '0', '0', '0', '1', '100', '.01', 'A0^A1^AO^W5', '0', '0', '0', '1', '2', '0', '1', '0', '1', '0', '1', '1', '1', '1', '1', '1', '1', '1', '1', '6', '5', '0', '0', '0', '0', '', '', '15000000', '0', '0', '', '20200219083000', '0', '0', '5', '0', '0', '0', 'N', 'N', 'N', '100', '0', '0', '0', '-1', '-1', '0', '0', '0', '', '0', '0', '-1', '0', '0', '0', 'T', 'T', '', '', '', '', '1', '', 'FF', '', '0', '0', '0', '0', '0', '5', 'N', 'N', 'N', '1', '-1', '-1', 'N', 'C', '0', '', '1', '0', '0', '', '', '0', '', '0', '', '', 'N', '', '1000000', '1', '', 'N', '', '', 'Y', '-1', 'S', '-1');


insert into stklist (EXCHID, ACCTID, CUSTID, REGID, REGNAME, OFFERREGID, STKID, STKNAME, EXCHTRUSTEESHIPQTY, PREVIOUSQTY, PREVIOUSCOST, STKVALUE, PREVIOUSINCOME, USABLEQTY, CURRENTQTY, UNSALEABLEQTY, SELLFROZENQTY, BUYFROZENQTY, EXCEPTFROZENQTY, REALTIMECOST, REALTIMEINCOME, CURRENCYID, STKTYPE, TRADETYPE, DESKID, CURRENTSTKVALUE, NEWPRICE, ETFKNOCKQTY, SELLUSEDQTY, ETFUSEDQTY, NEEDSETTLEQTY, IMPAWNQTY, WARRANTUSEDQTY, BONDPLEDGEQTY, BONDPLEDGEUSABLEQTY, HOLDSTATUS, CREDITSHAREUSEDQTY, CURRENTCREDITSHAREQTY, CREDITSHAREFROZENQTY, GUARANTYQTY, CURRENTQTYF, CUSTBRANCHID, GOINGBUYQTY, TOTALSELLQTY, SELLLIMITQTY, WAITSETTLEQTY, EXCHFROZENQTY, DIVIDENDAMT, DIVIDENDQTY, AGREEREPOQTY, QBONDPLEDGEQTY, QBONDPLEDGEUSABLEQTY, EXCHSELLFROZENQTY, ETFPURCHASEFROZENQTY, INTSUSABLEQTY, INTSBUYFROZENQTY, INTSSELLUSEDQTY, TDTOTALOPENAMT, TDTOTALOPENQTY, TDTOTALCLOSEAMT, TDTOTALCLOSEQTY, TDTOTALOPENFEE, TDTOTALCLOSEFEE, COVEREDFROZENQTY, COVEREDFROZENUSABLEQTY, COVEREDFROZENPOSITIONQTY, SETTLEPREVIOUSCOST, SETTLESTKVALUE, SETTLEPREVIOUSINCOME, EXCHRATE, CREDITINSHAREUSEDQTY, CREDITINSHAREQTY, CREDITOUTSHAREUSEDQTY, CREDITOUTSHAREQTY, NOUSEINITQTY, USEDUNFROZENQTY, FASTUPDATECNT, CREDITSPAREQTY, TDTOTALNOTBUYQTY, TDTOTALNOTSELLQTY, OCCURCREDITLOCKSHAREQTY, GAPFROZENQTY, ZRTTRANSQTY, CREDITSHAREGOINGQTY, CREDITUSABLEQTY, CREDITBUYFROZENQTY)
values ('6', '000011721600', '000011721600', 'GZ11721600', '焦振鹏股转主股东', 'GZ11721600', '871056', '871056', '0', '4000', '101.56', '406240', '0', '4000', '4000', '0', '0', '0', '0', '0', '0', '00', 'A5', 'A0', 'ANQ001', '0', '98.35', '0', '0', '0', '0', '0', '0', '0', '0', '0', '0', '0', '0', '0', '0', '000001', '0', '0', '0', '0', '0', '0', '0', '0', '0', '0', '0', '0', '0', '0', '0', '0', '0', '0', '0', '0', '0', '0', '0', '0', '101.56', '406240', '0', '1', '0', '0', '0', '0', '0', '0', '0', '0', '0', '0', '0', '0', '0', '0', '0', '0');

insert into stklist (EXCHID, ACCTID, CUSTID, REGID, REGNAME, OFFERREGID, STKID, STKNAME, EXCHTRUSTEESHIPQTY, PREVIOUSQTY, PREVIOUSCOST, STKVALUE, PREVIOUSINCOME, USABLEQTY, CURRENTQTY, UNSALEABLEQTY, SELLFROZENQTY, BUYFROZENQTY, EXCEPTFROZENQTY, REALTIMECOST, REALTIMEINCOME, CURRENCYID, STKTYPE, TRADETYPE, DESKID, CURRENTSTKVALUE, NEWPRICE, ETFKNOCKQTY, SELLUSEDQTY, ETFUSEDQTY, NEEDSETTLEQTY, IMPAWNQTY, WARRANTUSEDQTY, BONDPLEDGEQTY, BONDPLEDGEUSABLEQTY, HOLDSTATUS, CREDITSHAREUSEDQTY, CURRENTCREDITSHAREQTY, CREDITSHAREFROZENQTY, GUARANTYQTY, CURRENTQTYF, CUSTBRANCHID, GOINGBUYQTY, TOTALSELLQTY, SELLLIMITQTY, WAITSETTLEQTY, EXCHFROZENQTY, DIVIDENDAMT, DIVIDENDQTY, AGREEREPOQTY, QBONDPLEDGEQTY, QBONDPLEDGEUSABLEQTY, EXCHSELLFROZENQTY, ETFPURCHASEFROZENQTY, INTSUSABLEQTY, INTSBUYFROZENQTY, INTSSELLUSEDQTY, TDTOTALOPENAMT, TDTOTALOPENQTY, TDTOTALCLOSEAMT, TDTOTALCLOSEQTY, TDTOTALOPENFEE, TDTOTALCLOSEFEE, COVEREDFROZENQTY, COVEREDFROZENUSABLEQTY, COVEREDFROZENPOSITIONQTY, SETTLEPREVIOUSCOST, SETTLESTKVALUE, SETTLEPREVIOUSINCOME, EXCHRATE, CREDITINSHAREUSEDQTY, CREDITINSHAREQTY, CREDITOUTSHAREUSEDQTY, CREDITOUTSHAREQTY, NOUSEINITQTY, USEDUNFROZENQTY, FASTUPDATECNT, CREDITSPAREQTY, TDTOTALNOTBUYQTY, TDTOTALNOTSELLQTY, OCCURCREDITLOCKSHAREQTY, GAPFROZENQTY, ZRTTRANSQTY, CREDITSHAREGOINGQTY, CREDITUSABLEQTY, CREDITBUYFROZENQTY)
values ('6', '000011721600', '000011721600', 'GZ11721600', '焦振鹏股转主股东', 'GZ11721600', '874767', '874767', '0', '35200000', '115', '3484800000', '0', '35200000', '35200000', '0', '0', '0', '0', '0', '0', '00', 'A0', 'A0', 'ANQ001', '3484800000', '99', '0', '0', '0', '0', '0', '0', '0', '0', '0', '0', '0', '0', '0', '0', '000001', '0', '0', '0', '0', '0', '0', '0', '0', '0', '0', '0', '0', '0', '0', '0', '0', '0', '0', '0', '0', '0', '0', '0', '0', '115', '3484800000', '0', '1', '0', '0', '0', '0', '0', '0', '0', '0', '0', '0', '0', '0', '0', '0', '0', '0');

insert into stklist (EXCHID, ACCTID, CUSTID, REGID, REGNAME, OFFERREGID, STKID, STKNAME, EXCHTRUSTEESHIPQTY, PREVIOUSQTY, PREVIOUSCOST, STKVALUE, PREVIOUSINCOME, USABLEQTY, CURRENTQTY, UNSALEABLEQTY, SELLFROZENQTY, BUYFROZENQTY, EXCEPTFROZENQTY, REALTIMECOST, REALTIMEINCOME, CURRENCYID, STKTYPE, TRADETYPE, DESKID, CURRENTSTKVALUE, NEWPRICE, ETFKNOCKQTY, SELLUSEDQTY, ETFUSEDQTY, NEEDSETTLEQTY, IMPAWNQTY, WARRANTUSEDQTY, BONDPLEDGEQTY, BONDPLEDGEUSABLEQTY, HOLDSTATUS, CREDITSHAREUSEDQTY, CURRENTCREDITSHAREQTY, CREDITSHAREFROZENQTY, GUARANTYQTY, CURRENTQTYF, CUSTBRANCHID, GOINGBUYQTY, TOTALSELLQTY, SELLLIMITQTY, WAITSETTLEQTY, EXCHFROZENQTY, DIVIDENDAMT, DIVIDENDQTY, AGREEREPOQTY, QBONDPLEDGEQTY, QBONDPLEDGEUSABLEQTY, EXCHSELLFROZENQTY, ETFPURCHASEFROZENQTY, INTSUSABLEQTY, INTSBUYFROZENQTY, INTSSELLUSEDQTY, TDTOTALOPENAMT, TDTOTALOPENQTY, TDTOTALCLOSEAMT, TDTOTALCLOSEQTY, TDTOTALOPENFEE, TDTOTALCLOSEFEE, COVEREDFROZENQTY, COVEREDFROZENUSABLEQTY, COVEREDFROZENPOSITIONQTY, SETTLEPREVIOUSCOST, SETTLESTKVALUE, SETTLEPREVIOUSINCOME, EXCHRATE, CREDITINSHAREUSEDQTY, CREDITINSHAREQTY, CREDITOUTSHAREUSEDQTY, CREDITOUTSHAREQTY, NOUSEINITQTY, USEDUNFROZENQTY, FASTUPDATECNT, CREDITSPAREQTY, TDTOTALNOTBUYQTY, TDTOTALNOTSELLQTY, OCCURCREDITLOCKSHAREQTY, GAPFROZENQTY, ZRTTRANSQTY, CREDITSHAREGOINGQTY, CREDITUSABLEQTY, CREDITBUYFROZENQTY)
values ('9', '000011721600', '000011721600', 'GZ11721600', '焦振鹏股转主股东', 'GZ11721600', '989030', '989030', '0', '4000', '101.56', '406240', '0', '4000', '4000', '0', '0', '0', '0', '0', '0', '00', 'A5', 'A0', 'ANQ001', '0', '98.35', '0', '0', '0', '0', '0', '0', '0', '0', '0', '0', '0', '0', '0', '0', '000001', '0', '0', '0', '0', '0', '0', '0', '0', '0', '0', '0', '0', '0', '0', '0', '0', '0', '0', '0', '0', '0', '0', '0', '0', '101.56', '406240', '0', '1', '0', '0', '0', '0', '0', '0', '0', '0', '0', '0', '0', '0', '0', '0', '0', '0');

insert into stklist (EXCHID, ACCTID, CUSTID, REGID, REGNAME, OFFERREGID, STKID, STKNAME, EXCHTRUSTEESHIPQTY, PREVIOUSQTY, PREVIOUSCOST, STKVALUE, PREVIOUSINCOME, USABLEQTY, CURRENTQTY, UNSALEABLEQTY, SELLFROZENQTY, BUYFROZENQTY, EXCEPTFROZENQTY, REALTIMECOST, REALTIMEINCOME, CURRENCYID, STKTYPE, TRADETYPE, DESKID, CURRENTSTKVALUE, NEWPRICE, ETFKNOCKQTY, SELLUSEDQTY, ETFUSEDQTY, NEEDSETTLEQTY, IMPAWNQTY, WARRANTUSEDQTY, BONDPLEDGEQTY, BONDPLEDGEUSABLEQTY, HOLDSTATUS, CREDITSHAREUSEDQTY, CURRENTCREDITSHAREQTY, CREDITSHAREFROZENQTY, GUARANTYQTY, CURRENTQTYF, CUSTBRANCHID, GOINGBUYQTY, TOTALSELLQTY, SELLLIMITQTY, WAITSETTLEQTY, EXCHFROZENQTY, DIVIDENDAMT, DIVIDENDQTY, AGREEREPOQTY, QBONDPLEDGEQTY, QBONDPLEDGEUSABLEQTY, EXCHSELLFROZENQTY, ETFPURCHASEFROZENQTY, INTSUSABLEQTY, INTSBUYFROZENQTY, INTSSELLUSEDQTY, TDTOTALOPENAMT, TDTOTALOPENQTY, TDTOTALCLOSEAMT, TDTOTALCLOSEQTY, TDTOTALOPENFEE, TDTOTALCLOSEFEE, COVEREDFROZENQTY, COVEREDFROZENUSABLEQTY, COVEREDFROZENPOSITIONQTY, SETTLEPREVIOUSCOST, SETTLESTKVALUE, SETTLEPREVIOUSINCOME, EXCHRATE, CREDITINSHAREUSEDQTY, CREDITINSHAREQTY, CREDITOUTSHAREUSEDQTY, CREDITOUTSHAREQTY, NOUSEINITQTY, USEDUNFROZENQTY, FASTUPDATECNT, CREDITSPAREQTY, TDTOTALNOTBUYQTY, TDTOTALNOTSELLQTY, OCCURCREDITLOCKSHAREQTY, GAPFROZENQTY, ZRTTRANSQTY, CREDITSHAREGOINGQTY, CREDITUSABLEQTY, CREDITBUYFROZENQTY)
values ('9', '000011721600', '000011721600', 'GZ11721600', '焦振鹏股转主股东', 'GZ11721600', '989031', '989031', '0', '35200000', '115', '3484800000', '0', '35200000', '35200000', '0', '0', '0', '0', '0', '0', '00', 'A0', 'A0', 'ANQ001', '3484800000', '99', '0', '0', '0', '0', '0', '0', '0', '0', '0', '0', '0', '0', '0', '0', '000001', '0', '0', '0', '0', '0', '0', '0', '0', '0', '0', '0', '0', '0', '0', '0', '0', '0', '0', '0', '0', '0', '0', '0', '0', '115', '3484800000', '0', '1', '0', '0', '0', '0', '0', '0', '0', '0', '0', '0', '0', '0', '0', '0', '0', '0');


insert into stklistextend (EXCHID, ACCTID, CUSTID, REGID, OFFERREGID, STKID, DESKID, SHAREATTR, LISTEDSTATUS, CURRENTQTY, FROZENQTY, SELLFROZENQTY, USABLEQTY, SETTLEYEAR, EXCHSTKTYPE, CHECKITEM, BUSINESSCODE, FROZENAMT)
values ('6', '000011721600', '000011721600', 'GZ11721600', 'GZ11721600', '871056', 'ANQ001', '02', '0', '2200', '0', '0', '2200', '0', '', '', 'EXTEND', '');

insert into stklistextend (EXCHID, ACCTID, CUSTID, REGID, OFFERREGID, STKID, DESKID, SHAREATTR, LISTEDSTATUS, CURRENTQTY, FROZENQTY, SELLFROZENQTY, USABLEQTY, SETTLEYEAR, EXCHSTKTYPE, CHECKITEM, BUSINESSCODE, FROZENAMT)
values ('6', '000011721600', '000011721600', 'GZ11721600', 'GZ11721600', '874767', 'ANQ001', '01', '0', '1100', '0', '0', '1100', '0', '', '', 'EXTEND', '');

insert into stklistextend (EXCHID, ACCTID, CUSTID, REGID, OFFERREGID, STKID, DESKID, SHAREATTR, LISTEDSTATUS, CURRENTQTY, FROZENQTY, SELLFROZENQTY, USABLEQTY, SETTLEYEAR, EXCHSTKTYPE, CHECKITEM, BUSINESSCODE, FROZENAMT)
values ('9', '000011721600', '000011721600', 'GZ11721600', 'GZ11721600', '989031', 'ANQ001', '01', '0', '1100', '0', '0', '1100', '0', '', '', 'EXTEND', '');

insert into stklistextend (EXCHID, ACCTID, CUSTID, REGID, OFFERREGID, STKID, DESKID, SHAREATTR, LISTEDSTATUS, CURRENTQTY, FROZENQTY, SELLFROZENQTY, USABLEQTY, SETTLEYEAR, EXCHSTKTYPE, CHECKITEM, BUSINESSCODE, FROZENAMT)
values ('9', '000011721600', '000011721600', 'GZ11721600', 'GZ11721600', '989030', 'ANQ001', '02', '0', '2200', '0', '0', '2200', '0', '', '', 'EXTEND', '');




insert into unprocessedrightsinterests (EXCHID, REGID, REGNAME, STKID, STKABBR, SHAREQTY, SHAREPRICE, SHAREINTEREST, DESKID, PROCESSFLAG, SHAREDATE, OCCURTIME, TAXRATE, CAPITALBONUS, TAX, FLAG, INTERESTFLAG)
values ('9', 'GZ11721600', 'GZ11721600', '989030', '', '0', '0', '60', 'ANQ001', '0', '20221206093000', '20221206093000', '0', '0', '0', '-1', '1');

insert into unprocessedrightsinterests (EXCHID, REGID, REGNAME, STKID, STKABBR, SHAREQTY, SHAREPRICE, SHAREINTEREST, DESKID, PROCESSFLAG, SHAREDATE, OCCURTIME, TAXRATE, CAPITALBONUS, TAX, FLAG, INTERESTFLAG)
values ('6', 'GZ11721600', 'GZ11721600', '874767', '', '0', '0', '60', 'ANQ001', '0', '20221206093000', '20221206093000', '0', '0', '0', '-1', '1');



insert into custSellLimitTax (OCCURTIME, SERIALNUM, EXCHID, OFFERREGID, STKID, STKNAME, SETTLEMODE, ORDERTYPE, DESKID, KNOCKTIME, KNOCKNUM, CONTRACTNUM, SELLKNOCKQTY, KNOCKQTY, KNOCKPRICE, KNOCKAMT, STAMPTAX, COMMISION, EXCHTRANSFEE, OTHERFEE1, TOTALTRADEFEE, COSTPRICE, REFRENCECOST, FUNDINTERESTAMT, RECKONINGAMT, SHAREINCOMERATE, UNFINISHAMT, POSTTIMES, BRIEFIDLIST, POSTDATE, MEMO, VALIDFLAG, ERRORMSG, DBFID, VIRTUALFLAG, ACCTID, ACCTNAME, CUSTID, REGID, BRANCHID, CREDITFUNDFLAG, CUSTODYMODE, CUSTTYPE)
values ('20230104171908', '151163', '9', 'GZ11720611', '989030', '989030', '1', '01', 'ANQ001', '20220103000000', '10023990', '77002085', '5000', '5000', '4.43', '35440', '35.88', '30.55', '32.18', '10.56', '0', '36', '14400', '220.12', '330.5', '0', '0', '1', '/20230104171910-151165', '20230104000000', '', '0', '', 'QYK_BJSDS', '0', '000011720611', '焦振鹏股转主股东', '000011720611', 'GZ11720611', '000001', '0', '0', 'A0');

insert into custSellLimitTax (OCCURTIME, SERIALNUM, EXCHID, OFFERREGID, STKID, STKNAME, SETTLEMODE, ORDERTYPE, DESKID, KNOCKTIME, KNOCKNUM, CONTRACTNUM, SELLKNOCKQTY, KNOCKQTY, KNOCKPRICE, KNOCKAMT, STAMPTAX, COMMISION, EXCHTRANSFEE, OTHERFEE1, TOTALTRADEFEE, COSTPRICE, REFRENCECOST, FUNDINTERESTAMT, RECKONINGAMT, SHAREINCOMERATE, UNFINISHAMT, POSTTIMES, BRIEFIDLIST, POSTDATE, MEMO, VALIDFLAG, ERRORMSG, DBFID, VIRTUALFLAG, ACCTID, ACCTNAME, CUSTID, REGID, BRANCHID, CREDITFUNDFLAG, CUSTODYMODE, CUSTTYPE)
values ('20230104171908', '151162', '6', 'GZ11720611', '874767', '874767', '1', '01', 'ANQ001', '20220103000000', '10023990', '77002084', '5000', '5000', '4.43', '35440', '35.88', '30.55', '32.18', '10.56', '0', '36', '14400', '220.12', '330.5', '0', '0', '1', '/20230104171910-151165', '20230104000000', '', '0', '', 'QYK_BJSDS', '0', '000011720611', '焦振鹏股转主股东', '000011720611', 'GZ11720611', '000001', '0', '0', 'A0');



