delete FROM customer a where a.custid in ('000011721200','000011721201','000011725200','000011725201','000011760500','000011760501'); 
delete FROM account a where a.acctid in ('000011721200','000011721201','000011725200','000011725201','000011760500','000011760501') and a.currencyid='00';
delete FROM registration a where a.acctid in ('000011721200','000011721201','000011725200','000011725201','000011760500','000011760501') and a.exchid='1';
delete FROM stkinfo a where a.exchid='1' and a.stktype='A0' and stkid in ('002770','000401');
delete FROM stklist a where a.custid in ('000011721200','000011725200','000011721201','000011725201') and a.exchid='1' and stkid='002770';

delete from InternalOrder where exchid='1' and stkid='002770';

insert into InternalOrder (SERIALNUM, EXCHID, OPENDESKID, ORDERTYPE, WITHDRAWFLAG, CONTRACTNUM, STKID, STKNAME, REGID, REGNAME, DESKID, BUSINESSCODE, SHAREATTR, ORDERQTY, ORDERAMT, ORDERPRICE, PUBLICFLAG, PUBLICFLAG2, TARGETDESKID, TARGETREGID, TARGETSHAREATTR, OPERATIONMEMO, OPERATIONMEMO2, DATE1, DATE2, TRADEFROZENAMT, ORDERTIME, STKSAVEFLAG, BRANCHID, ACCTID, CUSTID, OPTID, OPERATIONMAC, VALIDFLAG, SENDFLAG, SENDTIME, RETURNFLAG, EXCHERRORCODE, EXCHERRORMSG, RETURNTIME, MEMO, WITHDRAWORDERFLAG, OFFERREGID, SELLFLAG, STOCKFROZENQTY, TRUSTEEDESKID, BUSINESSTYPE, QTY1, QTY2, QTY3, STKID1, CONTRACTNO, PUBLICNAME, PUBLICQTY, KNOCKCODE, KNOCKTIME, TARGETTRUSTEEDESKID, ORIGCONTRACTNUM, FREEZECONTRACTNUM, PROPNUM, RECKONINGNUM, RIGHTSID, REQUESTID, RETURNSERIALNUM, NOMINALREGID, ORDERPUTTINGQTY, ORDERSOURCE, ORDERSOURCEID, RATE1, DATE3, SBNUM, OPTMODE, PERMITPHONE, APPOINTNO, TARGETOFFERREGID)
values (4700112, '1', '077011', 'FJZG', 'B', 'SZ22223625', '002770', '*ST科迪', '0117212001', 'RZRQ_券商信用专用', '077011', 'FJZG', '', 40000, 0.00, 0.0000, 'H', '', '077011', 'SZ00111111', '', '2018111500000110', '', '20190125', '0', 0.00, 20220413000000, 0, '000001', '000011721201', '000011721201', '99990', 'FCAA140D6BBA|1602446', 0, 1, 20190125235325, 0, '', '', -1, '转融通归还', 0, '0117212000', '', 0, '277300', 'WT', 40000, 0, 0, '', '', '', 0.000, '', -1, '000039', '', '', '', '', '', 'M20190125RTR4R0000000738', '', '', 0, null, null, null, '0', 1, '', '', '', '');

insert into InternalOrder (SERIALNUM, EXCHID, OPENDESKID, ORDERTYPE, WITHDRAWFLAG, CONTRACTNUM, STKID, STKNAME, REGID, REGNAME, DESKID, BUSINESSCODE, SHAREATTR, ORDERQTY, ORDERAMT, ORDERPRICE, PUBLICFLAG, PUBLICFLAG2, TARGETDESKID, TARGETREGID, TARGETSHAREATTR, OPERATIONMEMO, OPERATIONMEMO2, DATE1, DATE2, TRADEFROZENAMT, ORDERTIME, STKSAVEFLAG, BRANCHID, ACCTID, CUSTID, OPTID, OPERATIONMAC, VALIDFLAG, SENDFLAG, SENDTIME, RETURNFLAG, EXCHERRORCODE, EXCHERRORMSG, RETURNTIME, MEMO, WITHDRAWORDERFLAG, OFFERREGID, SELLFLAG, STOCKFROZENQTY, TRUSTEEDESKID, BUSINESSTYPE, QTY1, QTY2, QTY3, STKID1, CONTRACTNO, PUBLICNAME, PUBLICQTY, KNOCKCODE, KNOCKTIME, TARGETTRUSTEEDESKID, ORIGCONTRACTNUM, FREEZECONTRACTNUM, PROPNUM, RECKONINGNUM, RIGHTSID, REQUESTID, RETURNSERIALNUM, NOMINALREGID, ORDERPUTTINGQTY, ORDERSOURCE, ORDERSOURCEID, RATE1, DATE3, SBNUM, OPTMODE, PERMITPHONE, APPOINTNO, TARGETOFFERREGID)
values (4700113, '1', '077011', 'FJZG', 'B', 'SZ22223626', '002770', '*ST科迪', '0117252000', 'RZRQ_券商信用专用', '077011', 'FJZG', '', 10000, 0.00, 0.0000, 'H', '', '077011', 'SZ00111111', '', '2018111500000110', '', '20190125', '0', 0.00, 20220413000000, 0, '000001', '000011725201', '000011725201', '99990', 'FCAA140D6BBA|1602446', 0, 1, 20190125235325, 0, '', '', -1, '转融通归还', 0, '0117252000', '', 0, '277300', 'WT', 10000, 0, 0, '', '', '', 0.000, '', -1, '000039', '', '', '', '', '', 'M20190125RTR4R0000000738', '', '', 0, null, null, null, '0', 1, '', '', '', '');

insert into InternalOrder (SERIALNUM, EXCHID, OPENDESKID, ORDERTYPE, WITHDRAWFLAG, CONTRACTNUM, STKID, STKNAME, REGID, REGNAME, DESKID, BUSINESSCODE, SHAREATTR, ORDERQTY, ORDERAMT, ORDERPRICE, PUBLICFLAG, PUBLICFLAG2, TARGETDESKID, TARGETREGID, TARGETSHAREATTR, OPERATIONMEMO, OPERATIONMEMO2, DATE1, DATE2, TRADEFROZENAMT, ORDERTIME, STKSAVEFLAG, BRANCHID, ACCTID, CUSTID, OPTID, OPERATIONMAC, VALIDFLAG, SENDFLAG, SENDTIME, RETURNFLAG, EXCHERRORCODE, EXCHERRORMSG, RETURNTIME, MEMO, WITHDRAWORDERFLAG, OFFERREGID, SELLFLAG, STOCKFROZENQTY, TRUSTEEDESKID, BUSINESSTYPE, QTY1, QTY2, QTY3, STKID1, CONTRACTNO, PUBLICNAME, PUBLICQTY, KNOCKCODE, KNOCKTIME, TARGETTRUSTEEDESKID, ORIGCONTRACTNUM, FREEZECONTRACTNUM, PROPNUM, RECKONINGNUM, RIGHTSID, REQUESTID, RETURNSERIALNUM, NOMINALREGID, ORDERPUTTINGQTY, ORDERSOURCE, ORDERSOURCEID, RATE1, DATE3, SBNUM, OPTMODE, PERMITPHONE, APPOINTNO, TARGETOFFERREGID)
values (4700114, '1', '077011', 'FJZG', 'B', 'SZ22223628', '002770', '*ST科迪', '0117252001', 'RZRQ_券商信用专用', '077011', 'FJZG', '', 10000, 0.00, 0.0000, 'H', '', '077011', 'SZ00111111', '', '2018111500000110', '', '20190125', '0', 0.00, 20220413000000, 0, '000001', '000011725201', '000011725201', '99990', 'FCAA140D6BBA|1602446', 0, 1, 20190125235325, 0, '', '', -1, '转融通归还', 0, '0117252000', '', 0, '277300', 'WT', 10000, 0, 0, '', '', '', 0.000, '', -1, '000039', '', '', '', '', '', 'M20190125RTR4R0000000738', '', '', 0, null, null, null, '0', 1, '', '', '', '');







insert into customer (CUSTID, CUSTTYPE, CUSTCHAR, CUSTNAME, ORGNAME, PERSONALID, ADDRESS, EMAIL, POSTCODE, TELEPHONE, MOBILE, FAXNO, BRANCHID, OPTID, GRANTOPTMODELIST, BROKERID, ROLELIST, OPENDATE, LOGOUTDATE, GRANTBILLSENDLIST, IS680FLAG, SMSSENDFLAG, ALLPWDSYNCFLAG, NOTEPRINTFREQUENCY, COSTCENTERID, FINANCEID, MARGINLIMITAMT, CUSTSTATUS, AUDITOPTID, MEMO, FCIDMODIFYFLAG, CUSTOMERFEEID, UPDATEFEEIDFLAG, COSTMETHOD, CUSTGROUPID, CUSTODYMODE, CUSTSORTLIST, CERTIFICATETYPE, LEGALFLAG, COUNTRYCODE, PROHIBITOPTMODELIST, LOGINERRORCOUNT, STDCUSTID, CAID, TRADEPWDSTATUS, ACCTPWDSTATUS, TRADEPWDINITDATE, ACCTPWDINITDATE, TRUSTEEBANKID, CERTIDBEGIN, CERTIDEND, RISKBEARING, CERTADRESS, CUSTSPECCHARLIST, LOGINTIME, FUNDLOGINERRORCOUNT, CREDITLEVEL, CUSTRATEID, FUTBILLTYPE, CREDITFUNDFLAG, PRECANCELMODELIST, PREMODIFYMODELIST, MAINCUSTID, TYPEIDLIST, EXEOPTMODE, SYNCFLAGLIST)
values ('000011760500', 'A2', 0, '焦振鹏IPO主股东', '', '121212156882', '', '', '', '', '', '', '000001', '99990', 'A0^A1^A2^A3^A4^A5', '99998', 'A0', 20181008113252, -1, '', 0, 0, 1, 0, '001', '5006Z84W', -1.000, 0, '', '', 1, '111', 0, '2', '', '0', '', '0', 0, '', '', 0, '', '', 1, 1, -1, -1, '', -1, -1, '', '', '', -1, 0, '', '', '', '0', '', '', '000011760500', '', '', '');

insert into customer (CUSTID, CUSTTYPE, CUSTCHAR, CUSTNAME, ORGNAME, PERSONALID, ADDRESS, EMAIL, POSTCODE, TELEPHONE, MOBILE, FAXNO, BRANCHID, OPTID, GRANTOPTMODELIST, BROKERID, ROLELIST, OPENDATE, LOGOUTDATE, GRANTBILLSENDLIST, IS680FLAG, SMSSENDFLAG, ALLPWDSYNCFLAG, NOTEPRINTFREQUENCY, COSTCENTERID, FINANCEID, MARGINLIMITAMT, CUSTSTATUS, AUDITOPTID, MEMO, FCIDMODIFYFLAG, CUSTOMERFEEID, UPDATEFEEIDFLAG, COSTMETHOD, CUSTGROUPID, CUSTODYMODE, CUSTSORTLIST, CERTIFICATETYPE, LEGALFLAG, COUNTRYCODE, PROHIBITOPTMODELIST, LOGINERRORCOUNT, STDCUSTID, CAID, TRADEPWDSTATUS, ACCTPWDSTATUS, TRADEPWDINITDATE, ACCTPWDINITDATE, TRUSTEEBANKID, CERTIDBEGIN, CERTIDEND, RISKBEARING, CERTADRESS, CUSTSPECCHARLIST, LOGINTIME, FUNDLOGINERRORCOUNT, CREDITLEVEL, CUSTRATEID, FUTBILLTYPE, CREDITFUNDFLAG, PRECANCELMODELIST, PREMODIFYMODELIST, MAINCUSTID, TYPEIDLIST, EXEOPTMODE, SYNCFLAGLIST)
values ('000011760501', 'A2', 0, '焦振鹏IPO虚拟股东', '0', '125415451212', '', '', '', '', '', '', '000001', '99990', '55^A0^A1^A2^A4^A6^AO', '99998', 'A0', 20181009103139, -1, '', 0, 0, 1, 0, '00001', '5006Z84X', -1.000, 0, '', '', 1, '111', 0, '3', '', '0', '', '0', 0, '', '', 0, '', '', 1, 1, -1, -1, '', -1, -1, '', '', '', -1, 0, '', '', '', '0', '', '', '000011760501', '', '', '');

insert into account (ACCTID, ACCTNAME, ACCTPWD, CUSTID, MAINACCTFLAG, CURRENCYID, STKVALUE, MINMARGIN, PREVIOUSAMT, CURRENTAMT, CURRENTAMTCHKSUM, USABLEAMT, TRADEFROZENAMT, EXCEPTFROZENAMT, UNCOMEAMT, UNDELIVERYFUNDUSEFLAG, CHKAMT, CHECKASCASHAMT, FINANCEAMT, OVERDRAFTLIMIT, OVERDRAFTINTEREST, OVERDRAFTINTERESTRATE, CHKSAVESUM, CHKFETCHSUM, CASHSAVESUM, CASHFETCHSUM, OPENDATE, LASTMODDATE, LASTPRINTDATE, FETCHMETHOD, DEPOSITRATE, RATEFLAG, DEPOSITINTEREST, DEPOSITSUM, INTEREST, INTERESTCOMPUTEDATE, INTERESTRATE, COOPPURCHASEFLAG, ACCTSTATUS, ACCTPERMITLIST, PERMITMAC, PERMITPHONE, BANKMORTGAGELOANAMT, SALESID, EXCEPTIONINTERESTAMT, AUDITOPTID, LOGOUTDATE, MEMO, MAGCARDID, EXTMAGCARDID, MAGCARDUSEDFLAG, UNLOCKDATE, INTERESTTYPEID, BEGININTERESTDATE, ENDINTERESTDATE, GETACCOUNTDATE, GETACCOUNTNUM, TRADECHECKFLAG, RECKONINGCHECKFLAG, NEEDSETTLEAMT, ACCUREDINTERESTAMT, INTERESTAMOUNT, LOGINERRORCOUNT, CREDITFUNDFLAG, SHTRADENETAMT, SZTRADENETAMT, YDMARGINUSEDAMT, MARGINUSEDAMT, REALTIMEAMT, CASHMOVEMENTAMT, CLOSEPNL, COMMISION, REALTIMEPNL, PLEDGEAMT, ACCTATRISKLEVEL, CUSTBRANCHID, EVERYPOSITIONPNL, EVERYRIGHTS, EVERYCURRENTAMT, FLOATPNL, EXCHMARGINUSEDAMT, EXCHCOMMISION, EXCHMORTGAGEUSABLEAMT, MORTGAGEUSABLEAMT, BASEMARGINUSEDAMT, CONTRACTAMTTOTAL, YDEXCHMORTGAGEUSABLEAMT, YDMORTGAGEUSABLEAMT, CONTRACTINTERESTAMOUNT, POSITIONCONTRACTAMT, BEGININGAMT, BUYTRADEFROZENAMT, SUBCUSTODYFLAG, MAINACCTID, ECONTRACTSIGNFLAG, TUSABLEAMT, TODAYREPOAMT, REPOAMT, ASSETAMT, LEVEL2FLAG, MULTINSTANCEID, DELIVERYMARGINAMT, DELIVERYCOMMISION, EXCHANGETOTALAMT, EXCHANGEUSEAMT, PREMIUM, EXCHANGEMARGINFROZEN, EXCHANGEMARGINUSED, EXCHANGECOMMISION, EXCHANGECOMMISIONFROZEN, EXCHANGECLOSEPNL, EXCHANGEREALTIMEPNL, OPTIONBUYOPENLIMITAMT, SUMPNL, T2EXTRAUSABLEAMT, INITCHGUSABLEAMT, INITCHGT2AMT, TOTALCOMMISIONFEE, OPENFROZMARGIN, EXTTRADEPWD, SUBCREDITFUNDFLAG, RSMARGINAMT, RSMARGINUSEDAMT, RSLENDCASHAMT, RSLENDCASHUSEDAMT, SZT2EXTRAUSABLEAMT, T1SHAREUSABLEAMT, USEDT1SHAREUSABLEDAMT, SZUSEDT1SHAREUSABLEDAMT, ACCESSMODE, OPTMARGINUSEDAMT, FASTUPDATECNT, UNDUEREPOAMT, CHANGEPWDDATE, CARRYFORWARDFLAG, CNYFUNDINGGAP, FOREIGNCURRENCYAMT, PREFOREIGNCURRENCYAMT, FOREIGNCURRENCYID, RELATEDACCTID, MORTGAGEAMT, MORTGAGECHGAMT, MORTGAGEMARGINAMT, MORTGAGEAVAILABLEAMT, EXCHMORTGAGEAVAILABLEAMT, TOTALMORTGAGEAMT, DIFFCOMMISION, MAVGREPOAMT)
values ('000011760500', '焦振鹏IPO主股东', 'S5lEuv1P', '000011760500', 1, '00', 0.000, 0.000, 99999877999.000, 99999877999.000, '', 99999877999.000, 0.000, 0.000, 0.000, 0, 0.000, 0.000, 0.000, 0.000, 0.0000, 0.0000000000000, 0.000, 0.000, 18100000.000, 0.000, 20210713000000, -1, -1, '0', 0.0500000000, 1, 0.0000, 600641072155.840, 0.000, -1, 0.000000, 0, 0, '', '', '', 0.000, '99999', 0.000, '', -1, '', '', '000011760500', 1, -1, 0, 20181008113252, 20181008113252, -1, 0, '0', '1', 0.000, 0.0000, 0.0000, 0, '0', 0.000, 0.000, 0.00, 0.00, 0.00, 0.00, 0.00, 0.00, 0.00, 0.00, '', '000001', 0.000, 0.000, 0.000, 0.000, 0.00, 0.00, 0.00, 0.00, 0.00, 0.00, 0.00, 0.00, 0.00, 0.00, 6000000.000, 0.000, 0, '000011760500', 'N', 99999877999.000, 0.000, 0.000, 99999877999.000, 'Level1', 0, 0.00, 0.00, 0.00, 0.00, 0.00, 0.00, 0.00, 0.00, 0.00, 0.00, 0.00, 0.000, 0.00, 0.000, 0.000, 0.000, 0.000, 0.000, 'ENEGu/tKR0Y=', '', 0.000, 0.000, 0.000, 0.000, 0.000, 0.000, 0.000, 0.000, '0', 0.000, 0, 0.000, -1, 0, 0.000, 0.000, 0.000, '', '', 0.000, 0.000, 0.000, 0.000, 0.000, 0.000, 0.000, 0.000);

insert into account (ACCTID, ACCTNAME, ACCTPWD, CUSTID, MAINACCTFLAG, CURRENCYID, STKVALUE, MINMARGIN, PREVIOUSAMT, CURRENTAMT, CURRENTAMTCHKSUM, USABLEAMT, TRADEFROZENAMT, EXCEPTFROZENAMT, UNCOMEAMT, UNDELIVERYFUNDUSEFLAG, CHKAMT, CHECKASCASHAMT, FINANCEAMT, OVERDRAFTLIMIT, OVERDRAFTINTEREST, OVERDRAFTINTERESTRATE, CHKSAVESUM, CHKFETCHSUM, CASHSAVESUM, CASHFETCHSUM, OPENDATE, LASTMODDATE, LASTPRINTDATE, FETCHMETHOD, DEPOSITRATE, RATEFLAG, DEPOSITINTEREST, DEPOSITSUM, INTEREST, INTERESTCOMPUTEDATE, INTERESTRATE, COOPPURCHASEFLAG, ACCTSTATUS, ACCTPERMITLIST, PERMITMAC, PERMITPHONE, BANKMORTGAGELOANAMT, SALESID, EXCEPTIONINTERESTAMT, AUDITOPTID, LOGOUTDATE, MEMO, MAGCARDID, EXTMAGCARDID, MAGCARDUSEDFLAG, UNLOCKDATE, INTERESTTYPEID, BEGININTERESTDATE, ENDINTERESTDATE, GETACCOUNTDATE, GETACCOUNTNUM, TRADECHECKFLAG, RECKONINGCHECKFLAG, NEEDSETTLEAMT, ACCUREDINTERESTAMT, INTERESTAMOUNT, LOGINERRORCOUNT, CREDITFUNDFLAG, SHTRADENETAMT, SZTRADENETAMT, YDMARGINUSEDAMT, MARGINUSEDAMT, REALTIMEAMT, CASHMOVEMENTAMT, CLOSEPNL, COMMISION, REALTIMEPNL, PLEDGEAMT, ACCTATRISKLEVEL, CUSTBRANCHID, EVERYPOSITIONPNL, EVERYRIGHTS, EVERYCURRENTAMT, FLOATPNL, EXCHMARGINUSEDAMT, EXCHCOMMISION, EXCHMORTGAGEUSABLEAMT, MORTGAGEUSABLEAMT, BASEMARGINUSEDAMT, CONTRACTAMTTOTAL, YDEXCHMORTGAGEUSABLEAMT, YDMORTGAGEUSABLEAMT, CONTRACTINTERESTAMOUNT, POSITIONCONTRACTAMT, BEGININGAMT, BUYTRADEFROZENAMT, SUBCUSTODYFLAG, MAINACCTID, ECONTRACTSIGNFLAG, TUSABLEAMT, TODAYREPOAMT, REPOAMT, ASSETAMT, LEVEL2FLAG, MULTINSTANCEID, DELIVERYMARGINAMT, DELIVERYCOMMISION, EXCHANGETOTALAMT, EXCHANGEUSEAMT, PREMIUM, EXCHANGEMARGINFROZEN, EXCHANGEMARGINUSED, EXCHANGECOMMISION, EXCHANGECOMMISIONFROZEN, EXCHANGECLOSEPNL, EXCHANGEREALTIMEPNL, OPTIONBUYOPENLIMITAMT, SUMPNL, T2EXTRAUSABLEAMT, INITCHGUSABLEAMT, INITCHGT2AMT, TOTALCOMMISIONFEE, OPENFROZMARGIN, EXTTRADEPWD, SUBCREDITFUNDFLAG, RSMARGINAMT, RSMARGINUSEDAMT, RSLENDCASHAMT, RSLENDCASHUSEDAMT, SZT2EXTRAUSABLEAMT, T1SHAREUSABLEAMT, USEDT1SHAREUSABLEDAMT, SZUSEDT1SHAREUSABLEDAMT, ACCESSMODE, OPTMARGINUSEDAMT, FASTUPDATECNT, UNDUEREPOAMT, CHANGEPWDDATE, CARRYFORWARDFLAG, CNYFUNDINGGAP, FOREIGNCURRENCYAMT, PREFOREIGNCURRENCYAMT, FOREIGNCURRENCYID, RELATEDACCTID, MORTGAGEAMT, MORTGAGECHGAMT, MORTGAGEMARGINAMT, MORTGAGEAVAILABLEAMT, EXCHMORTGAGEAVAILABLEAMT, TOTALMORTGAGEAMT, DIFFCOMMISION, MAVGREPOAMT)
values ('000011760501', '焦振鹏IPO虚拟股东', 'S5lEuv1P', '000011760501', 1, '00', 0.000, 0.000, 135858.400, 135858.400, '', 135858.400, 0.000, 0.000, 0.000, 0, 0.000, 0.000, 0.000, 0.000, 0.0000, 0.0000000000000, 0.000, 0.000, 10000000.000, 0.000, 20210713000000, -1, -1, '0', 0.0076000000, 1, 0.0000, 10008663.600, 0.000, -1, 0.050000, 0, 0, '', '', '', 0.000, '99999', 0.000, '', -1, '', '', '', 1, -1, 0, 20181009103139, 20181009103139, -1, 0, '1', '1', 0.000, 0.0000, 0.0000, 0, '0', 0.000, 0.000, 0.00, 0.00, 0.00, 0.00, 0.00, 0.00, 0.00, 0.00, '', '000001', 0.000, 0.000, 0.000, 0.000, 0.00, 0.00, 0.00, 0.00, 0.00, 0.00, 0.00, 0.00, 0.00, 0.00, 0.000, 0.000, 0, '000011760501', 'N', 135858.400, 0.000, 0.000, 135858.400, 'Level1', 0, 0.00, 0.00, 0.00, 0.00, 0.00, 0.00, 0.00, 0.00, 0.00, 0.00, 0.00, 0.000, 0.00, 0.000, 0.000, 0.000, 0.000, 0.000, '', '0', 0.000, 0.000, 0.000, 0.000, 0.000, 0.000, 0.000, 0.000, '0', 0.000, 0, 0.000, -1, 0, 0.000, 0.000, 0.000, '', '', 0.000, 0.000, 0.000, 0.000, 0.000, 0.000, 0.000, 0.000);

insert into registration (EXCHID, BRANCHID, ACCTID, CUSTID, REGMATCHNUM, REGID, OFFERREGID, REGNAME, REGTYPE, REGPERMITLIST, TRADEPWD, PERSONALID, FIXFLAG, REPURCHASEFIXFLAG, DESKID, AUTOSHAREFLAGLIST, AUTOQUOTAFLAG, LASTPRINTDATE, OPENDATE, EXPIREDATE, REGSTATUS, STKVALUE, CURRENCYID, OPTID, AUDITOPTID, GRANTSTKTYPELIST, STKTRADECHKFLAG, STKRECKCHKFLAG, SIIINO, BONDREGID, BONDREGTYPE, IDENTIFYID, MEMO, CREDITSTOCKFLAG, STDREGID, GEM_RISKSIGNTYPE, GEM_RISKSIGNDATE, GEM_RISKTRADEDATE, GEM_RISKSIGNRSLTFLAG, F_HEDGEFLAG, REPOAMT, UNIFIEDCODE, OPTIONREGPERMITLIST, SETTLESTKVALUE, PROGRAMTRADINGFLAG, BONDHGTZZOPENDATE, UNDUEREPOAMT, CHANGEPWDDATE, SFPOPENDATE, SYNCDATE, BOOKID, JPMACCOUNTID, KEEPCOMBINATIONFLAG, PAUSETRADESTATUS, TRUSTEEDESKID)
values ('1', '000001', '000011760500', '000011760500', 0, '0117605000', '0117605000', '焦振鹏IPO主股东', '0', '4^5^7^8^9^A^B^C^E^F', 'S5lEuv1P', '121212156882', 0, 0, '077011', '', 0, -1, 20181008113253, -1, 0, 0.0000, '00', '99990', '', 'A0^A1^A2^A3^A4^A5^A8^A9^B0^B4^B8^B9^BA^BB^BC^BD^BE^BF^BG^C1^C2^C3^C4^C5^C6^C7^D1^D3^D4^D7^F1^Z0^Z1', '1', '1', '', '', '', '', '', '0', '', '', -1, -1, 0, 'SPEC', 0.000, '', '', 0.000, '0', -1, 0.000, -1, -1, -1, '', '', 'N', 'N', '');

insert into registration (EXCHID, BRANCHID, ACCTID, CUSTID, REGMATCHNUM, REGID, OFFERREGID, REGNAME, REGTYPE, REGPERMITLIST, TRADEPWD, PERSONALID, FIXFLAG, REPURCHASEFIXFLAG, DESKID, AUTOSHAREFLAGLIST, AUTOQUOTAFLAG, LASTPRINTDATE, OPENDATE, EXPIREDATE, REGSTATUS, STKVALUE, CURRENCYID, OPTID, AUDITOPTID, GRANTSTKTYPELIST, STKTRADECHKFLAG, STKRECKCHKFLAG, SIIINO, BONDREGID, BONDREGTYPE, IDENTIFYID, MEMO, CREDITSTOCKFLAG, STDREGID, GEM_RISKSIGNTYPE, GEM_RISKSIGNDATE, GEM_RISKTRADEDATE, GEM_RISKSIGNRSLTFLAG, F_HEDGEFLAG, REPOAMT, UNIFIEDCODE, OPTIONREGPERMITLIST, SETTLESTKVALUE, PROGRAMTRADINGFLAG, BONDHGTZZOPENDATE, UNDUEREPOAMT, CHANGEPWDDATE, SFPOPENDATE, SYNCDATE, BOOKID, JPMACCOUNTID, KEEPCOMBINATIONFLAG, PAUSETRADESTATUS, TRUSTEEDESKID)
values ('1', '000001', '000011760501', '000011760501', 0, '0117605001', '0117605000', '焦振鹏IPO虚拟股东', '4', '4^5^7^8^9^A^B^C^D^E^F', 'S5lEuv1P', '125415451212', 0, 0, '077011', '', 0, -1, 20181009103140, -1, 0, 0.0000, '00', '99990', '', 'A0^A1^A2^A3^A4^A5^A8^A9^B0^B1^B2^B3^B4^B5^B6^B8^B9^BA^BB^BC^BD^BE^BF^BG^C1^C2^C3^C4^C5^C6^C7^C8^D1^D3^D4^D5^D6^D7^F1^Z0', '1', '1', '', '', '', '', '', '0', '', '', -1, -1, 0, 'SPEC', 0.000, '', '', 0.000, '0', -1, 0.000, -1, -1, -1, '', '', 'N', 'N', '');



insert into customer (CUSTID, CUSTTYPE, CUSTCHAR, CUSTNAME, ORGNAME, PERSONALID, ADDRESS, EMAIL, POSTCODE, TELEPHONE, MOBILE, FAXNO, BRANCHID, OPTID, GRANTOPTMODELIST, BROKERID, ROLELIST, OPENDATE, LOGOUTDATE, GRANTBILLSENDLIST, IS680FLAG, SMSSENDFLAG, ALLPWDSYNCFLAG, NOTEPRINTFREQUENCY, COSTCENTERID, FINANCEID, MARGINLIMITAMT, CUSTSTATUS, AUDITOPTID, MEMO, FCIDMODIFYFLAG, CUSTOMERFEEID, UPDATEFEEIDFLAG, COSTMETHOD, CUSTGROUPID, CUSTODYMODE, CUSTSORTLIST, CERTIFICATETYPE, LEGALFLAG, COUNTRYCODE, PROHIBITOPTMODELIST, LOGINERRORCOUNT, STDCUSTID, CAID, TRADEPWDSTATUS, ACCTPWDSTATUS, TRADEPWDINITDATE, ACCTPWDINITDATE, TRUSTEEBANKID, CERTIDBEGIN, CERTIDEND, RISKBEARING, CERTADRESS, CUSTSPECCHARLIST, LOGINTIME, FUNDLOGINERRORCOUNT, CREDITLEVEL, CUSTRATEID, FUTBILLTYPE, CREDITFUNDFLAG, PRECANCELMODELIST, PREMODIFYMODELIST, MAINCUSTID, TYPEIDLIST, EXEOPTMODE, SYNCFLAGLIST)
values ('000011721200', 'A2', 0, '焦振鹏主股东', '', '121212156882', '', '', '', '', '', '', '000001', '99990', 'A0^A1^A2^A3^A4^A5', '99998', 'A0', 20181008113252, -1, '', 0, 0, 1, 0, '001', '5006Z84W', -1.000, 0, '', '', 1, '111', 0, '2', '', '0', '', '0', 0, '', '', 0, '', '99990', 1, 1, -1, -1, '', -1, -1, '', '', '', -1, 0, '', '', '', '0', '', '', '000011721200', '', '', '');

insert into customer (CUSTID, CUSTTYPE, CUSTCHAR, CUSTNAME, ORGNAME, PERSONALID, ADDRESS, EMAIL, POSTCODE, TELEPHONE, MOBILE, FAXNO, BRANCHID, OPTID, GRANTOPTMODELIST, BROKERID, ROLELIST, OPENDATE, LOGOUTDATE, GRANTBILLSENDLIST, IS680FLAG, SMSSENDFLAG, ALLPWDSYNCFLAG, NOTEPRINTFREQUENCY, COSTCENTERID, FINANCEID, MARGINLIMITAMT, CUSTSTATUS, AUDITOPTID, MEMO, FCIDMODIFYFLAG, CUSTOMERFEEID, UPDATEFEEIDFLAG, COSTMETHOD, CUSTGROUPID, CUSTODYMODE, CUSTSORTLIST, CERTIFICATETYPE, LEGALFLAG, COUNTRYCODE, PROHIBITOPTMODELIST, LOGINERRORCOUNT, STDCUSTID, CAID, TRADEPWDSTATUS, ACCTPWDSTATUS, TRADEPWDINITDATE, ACCTPWDINITDATE, TRUSTEEBANKID, CERTIDBEGIN, CERTIDEND, RISKBEARING, CERTADRESS, CUSTSPECCHARLIST, LOGINTIME, FUNDLOGINERRORCOUNT, CREDITLEVEL, CUSTRATEID, FUTBILLTYPE, CREDITFUNDFLAG, PRECANCELMODELIST, PREMODIFYMODELIST, MAINCUSTID, TYPEIDLIST, EXEOPTMODE, SYNCFLAGLIST)
values ('000011721201', 'A2', 0, '焦振鹏虚拟股东', '0', '125415451212', '', '', '', '', '', '', '000001', '99990', '55^A0^A1^A2^A4^A6^AO', '99998', 'A0', 20181009103139, -1, '', 0, 0, 1, 0, '00001', '5006Z84X', -1.000, 0, '', '', 1, '111', 0, '3', '', '0', '', '0', 0, '', '', 0, '', '', 1, 1, -1, -1, '', -1, -1, '', '', '', -1, 0, '', '', '', '0', '', '', '000011721201', '', '', '');

insert into customer (CUSTID, CUSTTYPE, CUSTCHAR, CUSTNAME, ORGNAME, PERSONALID, ADDRESS, EMAIL, POSTCODE, TELEPHONE, MOBILE, FAXNO, BRANCHID, OPTID, GRANTOPTMODELIST, BROKERID, ROLELIST, OPENDATE, LOGOUTDATE, GRANTBILLSENDLIST, IS680FLAG, SMSSENDFLAG, ALLPWDSYNCFLAG, NOTEPRINTFREQUENCY, COSTCENTERID, FINANCEID, MARGINLIMITAMT, CUSTSTATUS, AUDITOPTID, MEMO, FCIDMODIFYFLAG, CUSTOMERFEEID, UPDATEFEEIDFLAG, COSTMETHOD, CUSTGROUPID, CUSTODYMODE, CUSTSORTLIST, CERTIFICATETYPE, LEGALFLAG, COUNTRYCODE, PROHIBITOPTMODELIST, LOGINERRORCOUNT, STDCUSTID, CAID, TRADEPWDSTATUS, ACCTPWDSTATUS, TRADEPWDINITDATE, ACCTPWDINITDATE, TRUSTEEBANKID, CERTIDBEGIN, CERTIDEND, RISKBEARING, CERTADRESS, CUSTSPECCHARLIST, LOGINTIME, FUNDLOGINERRORCOUNT, CREDITLEVEL, CUSTRATEID, FUTBILLTYPE, CREDITFUNDFLAG, PRECANCELMODELIST, PREMODIFYMODELIST, MAINCUSTID, TYPEIDLIST, EXEOPTMODE, SYNCFLAGLIST)
values ('000011725200', 'A2', 0, '焦振鹏主股东', '', '121212156882', '', '', '', '', '', '', '000001', '99990', 'A0^A1^A2^A3^A4^A5', '99998', 'A0', 20181008113252, -1, '0', 0, 0, 1, 0, '001', '5006Z84W', -1.000, 0, '', '', 1, '111', 0, '2', '', '0', '', '0', 0, '', '', 0, '', '', 1, 1, -1, -1, '', -1, -1, '', '', '', -1, 0, '', '', '', '0', '', '', '000011725200', '', '', '');

insert into customer (CUSTID, CUSTTYPE, CUSTCHAR, CUSTNAME, ORGNAME, PERSONALID, ADDRESS, EMAIL, POSTCODE, TELEPHONE, MOBILE, FAXNO, BRANCHID, OPTID, GRANTOPTMODELIST, BROKERID, ROLELIST, OPENDATE, LOGOUTDATE, GRANTBILLSENDLIST, IS680FLAG, SMSSENDFLAG, ALLPWDSYNCFLAG, NOTEPRINTFREQUENCY, COSTCENTERID, FINANCEID, MARGINLIMITAMT, CUSTSTATUS, AUDITOPTID, MEMO, FCIDMODIFYFLAG, CUSTOMERFEEID, UPDATEFEEIDFLAG, COSTMETHOD, CUSTGROUPID, CUSTODYMODE, CUSTSORTLIST, CERTIFICATETYPE, LEGALFLAG, COUNTRYCODE, PROHIBITOPTMODELIST, LOGINERRORCOUNT, STDCUSTID, CAID, TRADEPWDSTATUS, ACCTPWDSTATUS, TRADEPWDINITDATE, ACCTPWDINITDATE, TRUSTEEBANKID, CERTIDBEGIN, CERTIDEND, RISKBEARING, CERTADRESS, CUSTSPECCHARLIST, LOGINTIME, FUNDLOGINERRORCOUNT, CREDITLEVEL, CUSTRATEID, FUTBILLTYPE, CREDITFUNDFLAG, PRECANCELMODELIST, PREMODIFYMODELIST, MAINCUSTID, TYPEIDLIST, EXEOPTMODE, SYNCFLAGLIST)
values ('000011725201', 'A2', 0, '焦振鹏虚拟股东', '0', '125415451212', '', '', '', '', '', '', '000001', '99990', '55^A0^A1^A2^A4^A6^AO', '99998', 'A0', 20181009103139, -1, '0', 0, 0, 1, 0, '00001', '5006Z84X', -1.000, 0, '', '', 1, '111', 0, '3', '', '0', '', '0', 0, '', '', 0, '', '', 1, 1, -1, -1, '', -1, -1, '', '', '', -1, 0, '', '', '', '0', '', '', '000011725201', '', '', '');

insert into account (ACCTID, ACCTNAME, ACCTPWD, CUSTID, MAINACCTFLAG, CURRENCYID, STKVALUE, MINMARGIN, PREVIOUSAMT, CURRENTAMT, CURRENTAMTCHKSUM, USABLEAMT, TRADEFROZENAMT, EXCEPTFROZENAMT, UNCOMEAMT, UNDELIVERYFUNDUSEFLAG, CHKAMT, CHECKASCASHAMT, FINANCEAMT, OVERDRAFTLIMIT, OVERDRAFTINTEREST, OVERDRAFTINTERESTRATE, CHKSAVESUM, CHKFETCHSUM, CASHSAVESUM, CASHFETCHSUM, OPENDATE, LASTMODDATE, LASTPRINTDATE, FETCHMETHOD, DEPOSITRATE, RATEFLAG, DEPOSITINTEREST, DEPOSITSUM, INTEREST, INTERESTCOMPUTEDATE, INTERESTRATE, COOPPURCHASEFLAG, ACCTSTATUS, ACCTPERMITLIST, PERMITMAC, PERMITPHONE, BANKMORTGAGELOANAMT, SALESID, EXCEPTIONINTERESTAMT, AUDITOPTID, LOGOUTDATE, MEMO, MAGCARDID, EXTMAGCARDID, MAGCARDUSEDFLAG, UNLOCKDATE, INTERESTTYPEID, BEGININTERESTDATE, ENDINTERESTDATE, GETACCOUNTDATE, GETACCOUNTNUM, TRADECHECKFLAG, RECKONINGCHECKFLAG, NEEDSETTLEAMT, ACCUREDINTERESTAMT, INTERESTAMOUNT, LOGINERRORCOUNT, CREDITFUNDFLAG, SHTRADENETAMT, SZTRADENETAMT, YDMARGINUSEDAMT, MARGINUSEDAMT, REALTIMEAMT, CASHMOVEMENTAMT, CLOSEPNL, COMMISION, REALTIMEPNL, PLEDGEAMT, ACCTATRISKLEVEL, CUSTBRANCHID, EVERYPOSITIONPNL, EVERYRIGHTS, EVERYCURRENTAMT, FLOATPNL, EXCHMARGINUSEDAMT, EXCHCOMMISION, EXCHMORTGAGEUSABLEAMT, MORTGAGEUSABLEAMT, BASEMARGINUSEDAMT, CONTRACTAMTTOTAL, YDEXCHMORTGAGEUSABLEAMT, YDMORTGAGEUSABLEAMT, CONTRACTINTERESTAMOUNT, POSITIONCONTRACTAMT, BEGININGAMT, BUYTRADEFROZENAMT, SUBCUSTODYFLAG, MAINACCTID, ECONTRACTSIGNFLAG, TUSABLEAMT, TODAYREPOAMT, REPOAMT, ASSETAMT, LEVEL2FLAG, MULTINSTANCEID, DELIVERYMARGINAMT, DELIVERYCOMMISION, EXCHANGETOTALAMT, EXCHANGEUSEAMT, PREMIUM, EXCHANGEMARGINFROZEN, EXCHANGEMARGINUSED, EXCHANGECOMMISION, EXCHANGECOMMISIONFROZEN, EXCHANGECLOSEPNL, EXCHANGEREALTIMEPNL, OPTIONBUYOPENLIMITAMT, SUMPNL, T2EXTRAUSABLEAMT, INITCHGUSABLEAMT, INITCHGT2AMT, TOTALCOMMISIONFEE, OPENFROZMARGIN, EXTTRADEPWD, SUBCREDITFUNDFLAG, RSMARGINAMT, RSMARGINUSEDAMT, RSLENDCASHAMT, RSLENDCASHUSEDAMT, SZT2EXTRAUSABLEAMT, T1SHAREUSABLEAMT, USEDT1SHAREUSABLEDAMT, SZUSEDT1SHAREUSABLEDAMT, ACCESSMODE, OPTMARGINUSEDAMT, FASTUPDATECNT, UNDUEREPOAMT, CHANGEPWDDATE, CARRYFORWARDFLAG, CNYFUNDINGGAP, FOREIGNCURRENCYAMT, PREFOREIGNCURRENCYAMT, FOREIGNCURRENCYID, RELATEDACCTID, MORTGAGEAMT, MORTGAGECHGAMT, MORTGAGEMARGINAMT, MORTGAGEAVAILABLEAMT, EXCHMORTGAGEAVAILABLEAMT, TOTALMORTGAGEAMT, DIFFCOMMISION, MAVGREPOAMT)
values ('000011721200', '焦振鹏主股东', 'S5lEuv1P', '000011721200', 1, '00', 10204521.870, 0.000, 1000000000.000, 1000000000.000, '', 1000000000.000, 0.000, 0.000, 0.000, 0, 0.000, 0.000, 0.000, 0.000, 0.0000, 0.0000000000000, 0.000, 0.000, 10100000.000, 0.000, 20211210000000, -1, 20220216163617, '0', 0.0500000000, 1, 0.0000, 11329789907.510, 0.000, -1, 0.000000, 0, 0, '', '', '', 0.000, '99990', 0.000, '', -1, '', '', '', 1, -1, 0, 20181008113252, 20181008113252, -1, 0, '1', '1', 0.000, 0.0000, 0.0000, 0, '0', 0.000, 0.000, 0.00, 0.00, 0.00, 0.00, 0.00, 0.00, 0.00, 0.00, '', '000001', 0.000, 0.000, 0.000, 0.000, 0.00, 0.00, 0.00, 0.00, 0.00, 0.00, 0.00, 0.00, 0.00, 0.00, 0.000, 0.000, 0, '000011721200', 'N', 1000000000.000, 0.000, 0.000, 1010009246.870, 'Level1', 0, 0.00, 0.00, 0.00, 0.00, 0.00, 0.00, 0.00, 0.00, 0.00, 0.00, 0.00, 0.000, 1942762.16, 0.000, 0.000, 0.000, 245544.560, 0.000, '', '0', 0.000, 0.000, 0.000, 0.000, 0.000, 0.000, 0.000, 0.000, '0', 0.000, 0, 0.000, -1, 0, 0.000, 0.000, 0.000, '', '', 0.000, 0.000, 0.000, 0.000, 0.000, 0.000, 0.000, 0.000);

insert into account (ACCTID, ACCTNAME, ACCTPWD, CUSTID, MAINACCTFLAG, CURRENCYID, STKVALUE, MINMARGIN, PREVIOUSAMT, CURRENTAMT, CURRENTAMTCHKSUM, USABLEAMT, TRADEFROZENAMT, EXCEPTFROZENAMT, UNCOMEAMT, UNDELIVERYFUNDUSEFLAG, CHKAMT, CHECKASCASHAMT, FINANCEAMT, OVERDRAFTLIMIT, OVERDRAFTINTEREST, OVERDRAFTINTERESTRATE, CHKSAVESUM, CHKFETCHSUM, CASHSAVESUM, CASHFETCHSUM, OPENDATE, LASTMODDATE, LASTPRINTDATE, FETCHMETHOD, DEPOSITRATE, RATEFLAG, DEPOSITINTEREST, DEPOSITSUM, INTEREST, INTERESTCOMPUTEDATE, INTERESTRATE, COOPPURCHASEFLAG, ACCTSTATUS, ACCTPERMITLIST, PERMITMAC, PERMITPHONE, BANKMORTGAGELOANAMT, SALESID, EXCEPTIONINTERESTAMT, AUDITOPTID, LOGOUTDATE, MEMO, MAGCARDID, EXTMAGCARDID, MAGCARDUSEDFLAG, UNLOCKDATE, INTERESTTYPEID, BEGININTERESTDATE, ENDINTERESTDATE, GETACCOUNTDATE, GETACCOUNTNUM, TRADECHECKFLAG, RECKONINGCHECKFLAG, NEEDSETTLEAMT, ACCUREDINTERESTAMT, INTERESTAMOUNT, LOGINERRORCOUNT, CREDITFUNDFLAG, SHTRADENETAMT, SZTRADENETAMT, YDMARGINUSEDAMT, MARGINUSEDAMT, REALTIMEAMT, CASHMOVEMENTAMT, CLOSEPNL, COMMISION, REALTIMEPNL, PLEDGEAMT, ACCTATRISKLEVEL, CUSTBRANCHID, EVERYPOSITIONPNL, EVERYRIGHTS, EVERYCURRENTAMT, FLOATPNL, EXCHMARGINUSEDAMT, EXCHCOMMISION, EXCHMORTGAGEUSABLEAMT, MORTGAGEUSABLEAMT, BASEMARGINUSEDAMT, CONTRACTAMTTOTAL, YDEXCHMORTGAGEUSABLEAMT, YDMORTGAGEUSABLEAMT, CONTRACTINTERESTAMOUNT, POSITIONCONTRACTAMT, BEGININGAMT, BUYTRADEFROZENAMT, SUBCUSTODYFLAG, MAINACCTID, ECONTRACTSIGNFLAG, TUSABLEAMT, TODAYREPOAMT, REPOAMT, ASSETAMT, LEVEL2FLAG, MULTINSTANCEID, DELIVERYMARGINAMT, DELIVERYCOMMISION, EXCHANGETOTALAMT, EXCHANGEUSEAMT, PREMIUM, EXCHANGEMARGINFROZEN, EXCHANGEMARGINUSED, EXCHANGECOMMISION, EXCHANGECOMMISIONFROZEN, EXCHANGECLOSEPNL, EXCHANGEREALTIMEPNL, OPTIONBUYOPENLIMITAMT, SUMPNL, T2EXTRAUSABLEAMT, INITCHGUSABLEAMT, INITCHGT2AMT, TOTALCOMMISIONFEE, OPENFROZMARGIN, EXTTRADEPWD, SUBCREDITFUNDFLAG, RSMARGINAMT, RSMARGINUSEDAMT, RSLENDCASHAMT, RSLENDCASHUSEDAMT, SZT2EXTRAUSABLEAMT, T1SHAREUSABLEAMT, USEDT1SHAREUSABLEDAMT, SZUSEDT1SHAREUSABLEDAMT, ACCESSMODE, OPTMARGINUSEDAMT, FASTUPDATECNT, UNDUEREPOAMT, CHANGEPWDDATE, CARRYFORWARDFLAG, CNYFUNDINGGAP, FOREIGNCURRENCYAMT, PREFOREIGNCURRENCYAMT, FOREIGNCURRENCYID, RELATEDACCTID, MORTGAGEAMT, MORTGAGECHGAMT, MORTGAGEMARGINAMT, MORTGAGEAVAILABLEAMT, EXCHMORTGAGEAVAILABLEAMT, TOTALMORTGAGEAMT, DIFFCOMMISION, MAVGREPOAMT)
values ('000011721201', '焦振鹏虚拟股东', 'S5lEuv1P', '000011721201', 1, '00', 10000000.000, 0.000, 10000000.000, 10000000.000, '', 10000000.000, 0.000, 0.000, 0.000, 0, 0.000, 0.000, 0.000, 0.000, 0.0000, 0.0000000000000, 0.000, 0.000, 10000000.000, 0.000, 20211210000000, -1, -1, '0', 0.0076000000, 1, 0.0000, 2481575842.000, 0.000, -1, 0.050000, 0, 0, '', '', '', 0.000, '99990', 0.000, '', -1, '', '', '', 1, -1, 0, 20181009103139, 20181009103139, -1, 0, '1', '1', 0.000, 0.0000, 0.0000, 0, '0', 0.000, 0.000, 0.00, 0.00, 0.00, 0.00, 0.00, 0.00, 0.00, 0.00, '', '000001', 0.000, 0.000, 0.000, 0.000, 0.00, 0.00, 0.00, 0.00, 0.00, 0.00, 0.00, 0.00, 0.00, 0.00, 0.000, 0.000, 0, '000011721201', 'N', 10000000.000, 0.000, 0.000, 20000000.000, 'Level1', 0, 0.00, 0.00, 0.00, 0.00, 0.00, 0.00, 0.00, 0.00, 0.00, 0.00, 0.00, 0.000, 1943446.08, 0.000, 0.000, 0.000, 172041.390, 0.000, '', '0', 0.000, 0.000, 0.000, 0.000, 0.000, 0.000, 0.000, 0.000, '0', 0.000, 0, 0.000, -1, 0, 0.000, 0.000, 0.000, '', '', 0.000, 0.000, 0.000, 0.000, 0.000, 0.000, 0.000, 0.000);

insert into account (ACCTID, ACCTNAME, ACCTPWD, CUSTID, MAINACCTFLAG, CURRENCYID, STKVALUE, MINMARGIN, PREVIOUSAMT, CURRENTAMT, CURRENTAMTCHKSUM, USABLEAMT, TRADEFROZENAMT, EXCEPTFROZENAMT, UNCOMEAMT, UNDELIVERYFUNDUSEFLAG, CHKAMT, CHECKASCASHAMT, FINANCEAMT, OVERDRAFTLIMIT, OVERDRAFTINTEREST, OVERDRAFTINTERESTRATE, CHKSAVESUM, CHKFETCHSUM, CASHSAVESUM, CASHFETCHSUM, OPENDATE, LASTMODDATE, LASTPRINTDATE, FETCHMETHOD, DEPOSITRATE, RATEFLAG, DEPOSITINTEREST, DEPOSITSUM, INTEREST, INTERESTCOMPUTEDATE, INTERESTRATE, COOPPURCHASEFLAG, ACCTSTATUS, ACCTPERMITLIST, PERMITMAC, PERMITPHONE, BANKMORTGAGELOANAMT, SALESID, EXCEPTIONINTERESTAMT, AUDITOPTID, LOGOUTDATE, MEMO, MAGCARDID, EXTMAGCARDID, MAGCARDUSEDFLAG, UNLOCKDATE, INTERESTTYPEID, BEGININTERESTDATE, ENDINTERESTDATE, GETACCOUNTDATE, GETACCOUNTNUM, TRADECHECKFLAG, RECKONINGCHECKFLAG, NEEDSETTLEAMT, ACCUREDINTERESTAMT, INTERESTAMOUNT, LOGINERRORCOUNT, CREDITFUNDFLAG, SHTRADENETAMT, SZTRADENETAMT, YDMARGINUSEDAMT, MARGINUSEDAMT, REALTIMEAMT, CASHMOVEMENTAMT, CLOSEPNL, COMMISION, REALTIMEPNL, PLEDGEAMT, ACCTATRISKLEVEL, CUSTBRANCHID, EVERYPOSITIONPNL, EVERYRIGHTS, EVERYCURRENTAMT, FLOATPNL, EXCHMARGINUSEDAMT, EXCHCOMMISION, EXCHMORTGAGEUSABLEAMT, MORTGAGEUSABLEAMT, BASEMARGINUSEDAMT, CONTRACTAMTTOTAL, YDEXCHMORTGAGEUSABLEAMT, YDMORTGAGEUSABLEAMT, CONTRACTINTERESTAMOUNT, POSITIONCONTRACTAMT, BEGININGAMT, BUYTRADEFROZENAMT, SUBCUSTODYFLAG, MAINACCTID, ECONTRACTSIGNFLAG, TUSABLEAMT, TODAYREPOAMT, REPOAMT, ASSETAMT, LEVEL2FLAG, MULTINSTANCEID, DELIVERYMARGINAMT, DELIVERYCOMMISION, EXCHANGETOTALAMT, EXCHANGEUSEAMT, PREMIUM, EXCHANGEMARGINFROZEN, EXCHANGEMARGINUSED, EXCHANGECOMMISION, EXCHANGECOMMISIONFROZEN, EXCHANGECLOSEPNL, EXCHANGEREALTIMEPNL, OPTIONBUYOPENLIMITAMT, SUMPNL, T2EXTRAUSABLEAMT, INITCHGUSABLEAMT, INITCHGT2AMT, TOTALCOMMISIONFEE, OPENFROZMARGIN, EXTTRADEPWD, SUBCREDITFUNDFLAG, RSMARGINAMT, RSMARGINUSEDAMT, RSLENDCASHAMT, RSLENDCASHUSEDAMT, SZT2EXTRAUSABLEAMT, T1SHAREUSABLEAMT, USEDT1SHAREUSABLEDAMT, SZUSEDT1SHAREUSABLEDAMT, ACCESSMODE, OPTMARGINUSEDAMT, FASTUPDATECNT, UNDUEREPOAMT, CHANGEPWDDATE, CARRYFORWARDFLAG, CNYFUNDINGGAP, FOREIGNCURRENCYAMT, PREFOREIGNCURRENCYAMT, FOREIGNCURRENCYID, RELATEDACCTID, MORTGAGEAMT, MORTGAGECHGAMT, MORTGAGEMARGINAMT, MORTGAGEAVAILABLEAMT, EXCHMORTGAGEAVAILABLEAMT, TOTALMORTGAGEAMT, DIFFCOMMISION, MAVGREPOAMT)
values ('000011725200', '焦振鹏主股东', 'S5lEuv1P', '000011725200', 1, '00', 0.000, 0.000, 10000000.000, 10000000.000, '', 10000000.000, 0.000, 0.000, 0.000, 0, 0.000, 0.000, 0.000, 0.000, 0.0000, 0.0000000000000, 0.000, 0.000, 18100000.000, 0.000, 20211210000000, -1, -1, '0', 0.0500000000, 1, 0.0000, 20985146400.520, 0.000, -1, 0.000000, 0, 0, '', '', '', 0.000, '99990', 0.000, '', -1, '', '', '1111', 1, -1, 0, 20181008113252, 20181008113252, -1, 0, '0', '1', 498403.860, 0.0000, 0.0000, 0, '0', 0.000, 0.000, 0.00, 0.00, 0.00, 0.00, 0.00, 0.00, 0.00, 0.00, '', '000001', 0.000, 0.000, 0.000, 0.000, 0.00, 0.00, 0.00, 0.00, 0.00, 0.00, 0.00, 0.00, 0.00, 0.00, 6000000.000, 0.000, 0, '000011725200', 'N', 9999604.000, 0.000, 0.000, 10498403.860, 'Level1', 0, 0.00, 0.00, 0.00, 0.00, 0.00, 0.00, 0.00, 0.00, 0.00, 0.00, 0.00, 0.000, 0.00, 0.000, 0.000, 0.000, 0.000, 0.000, 'ENEGu/tKR0Y=', '0', 0.000, 0.000, 0.000, 0.000, 0.000, 0.000, 0.000, 0.000, '0', 0.000, 0, 0.000, -1, 0, 0.000, 0.000, 0.000, '', '', 0.000, 0.000, 0.000, 0.000, 0.000, 0.000, 0.000, 0.000);

insert into account (ACCTID, ACCTNAME, ACCTPWD, CUSTID, MAINACCTFLAG, CURRENCYID, STKVALUE, MINMARGIN, PREVIOUSAMT, CURRENTAMT, CURRENTAMTCHKSUM, USABLEAMT, TRADEFROZENAMT, EXCEPTFROZENAMT, UNCOMEAMT, UNDELIVERYFUNDUSEFLAG, CHKAMT, CHECKASCASHAMT, FINANCEAMT, OVERDRAFTLIMIT, OVERDRAFTINTEREST, OVERDRAFTINTERESTRATE, CHKSAVESUM, CHKFETCHSUM, CASHSAVESUM, CASHFETCHSUM, OPENDATE, LASTMODDATE, LASTPRINTDATE, FETCHMETHOD, DEPOSITRATE, RATEFLAG, DEPOSITINTEREST, DEPOSITSUM, INTEREST, INTERESTCOMPUTEDATE, INTERESTRATE, COOPPURCHASEFLAG, ACCTSTATUS, ACCTPERMITLIST, PERMITMAC, PERMITPHONE, BANKMORTGAGELOANAMT, SALESID, EXCEPTIONINTERESTAMT, AUDITOPTID, LOGOUTDATE, MEMO, MAGCARDID, EXTMAGCARDID, MAGCARDUSEDFLAG, UNLOCKDATE, INTERESTTYPEID, BEGININTERESTDATE, ENDINTERESTDATE, GETACCOUNTDATE, GETACCOUNTNUM, TRADECHECKFLAG, RECKONINGCHECKFLAG, NEEDSETTLEAMT, ACCUREDINTERESTAMT, INTERESTAMOUNT, LOGINERRORCOUNT, CREDITFUNDFLAG, SHTRADENETAMT, SZTRADENETAMT, YDMARGINUSEDAMT, MARGINUSEDAMT, REALTIMEAMT, CASHMOVEMENTAMT, CLOSEPNL, COMMISION, REALTIMEPNL, PLEDGEAMT, ACCTATRISKLEVEL, CUSTBRANCHID, EVERYPOSITIONPNL, EVERYRIGHTS, EVERYCURRENTAMT, FLOATPNL, EXCHMARGINUSEDAMT, EXCHCOMMISION, EXCHMORTGAGEUSABLEAMT, MORTGAGEUSABLEAMT, BASEMARGINUSEDAMT, CONTRACTAMTTOTAL, YDEXCHMORTGAGEUSABLEAMT, YDMORTGAGEUSABLEAMT, CONTRACTINTERESTAMOUNT, POSITIONCONTRACTAMT, BEGININGAMT, BUYTRADEFROZENAMT, SUBCUSTODYFLAG, MAINACCTID, ECONTRACTSIGNFLAG, TUSABLEAMT, TODAYREPOAMT, REPOAMT, ASSETAMT, LEVEL2FLAG, MULTINSTANCEID, DELIVERYMARGINAMT, DELIVERYCOMMISION, EXCHANGETOTALAMT, EXCHANGEUSEAMT, PREMIUM, EXCHANGEMARGINFROZEN, EXCHANGEMARGINUSED, EXCHANGECOMMISION, EXCHANGECOMMISIONFROZEN, EXCHANGECLOSEPNL, EXCHANGEREALTIMEPNL, OPTIONBUYOPENLIMITAMT, SUMPNL, T2EXTRAUSABLEAMT, INITCHGUSABLEAMT, INITCHGT2AMT, TOTALCOMMISIONFEE, OPENFROZMARGIN, EXTTRADEPWD, SUBCREDITFUNDFLAG, RSMARGINAMT, RSMARGINUSEDAMT, RSLENDCASHAMT, RSLENDCASHUSEDAMT, SZT2EXTRAUSABLEAMT, T1SHAREUSABLEAMT, USEDT1SHAREUSABLEDAMT, SZUSEDT1SHAREUSABLEDAMT, ACCESSMODE, OPTMARGINUSEDAMT, FASTUPDATECNT, UNDUEREPOAMT, CHANGEPWDDATE, CARRYFORWARDFLAG, CNYFUNDINGGAP, FOREIGNCURRENCYAMT, PREFOREIGNCURRENCYAMT, FOREIGNCURRENCYID, RELATEDACCTID, MORTGAGEAMT, MORTGAGECHGAMT, MORTGAGEMARGINAMT, MORTGAGEAVAILABLEAMT, EXCHMORTGAGEAVAILABLEAMT, TOTALMORTGAGEAMT, DIFFCOMMISION, MAVGREPOAMT)
values ('000011725201', '焦振鹏虚拟股东', 'S5lEuv1P', '000011725201', 1, '00', 0.000, 0.000, 10000000.000, 10000000.000, '', 10000000.000, 0.000, 0.000, 0.000, 0, 0.000, 0.000, 0.000, 0.000, 0.0000, 0.0000000000000, 0.000, 0.000, 10000000.000, 0.000, 20211210000000, -1, -1, '0', 0.0076000000, 1, 0.0000, 7550735014.130, 0.000, -1, 0.050000, 0, 0, '', '', '', 0.000, '99990', 0.000, '', -1, '', '', '', 1, -1, 0, 20181009103139, 20181009103139, -1, 0, '1', '1', 234781.860, 0.0000, 0.0000, 0, '0', 0.000, 0.000, 0.00, 0.00, 0.00, 0.00, 0.00, 0.00, 0.00, 0.00, '', '000001', 0.000, 0.000, 0.000, 0.000, 0.00, 0.00, 0.00, 0.00, 0.00, 0.00, 0.00, 0.00, 0.00, 0.00, 0.000, 0.000, 0, '000011725201', 'N', 10000000.000, 0.000, 0.000, 10234781.860, 'Level1', 0, 0.00, 0.00, 0.00, 0.00, 0.00, 0.00, 0.00, 0.00, 0.00, 0.00, 0.00, 0.000, -990000.00, 0.000, 0.000, 0.000, 0.000, 0.000, 'ENEGu/tKR0Y=', '0', 0.000, 0.000, 0.000, 0.000, 0.000, 0.000, 0.000, 0.000, '0', 0.000, 0, 0.000, -1, 0, 0.000, 0.000, 0.000, '', '', 0.000, 0.000, 0.000, 0.000, 0.000, 0.000, 0.000, 0.000);

insert into registration (EXCHID, BRANCHID, ACCTID, CUSTID, REGMATCHNUM, REGID, OFFERREGID, REGNAME, REGTYPE, REGPERMITLIST, TRADEPWD, PERSONALID, FIXFLAG, REPURCHASEFIXFLAG, DESKID, AUTOSHAREFLAGLIST, AUTOQUOTAFLAG, LASTPRINTDATE, OPENDATE, EXPIREDATE, REGSTATUS, STKVALUE, CURRENCYID, OPTID, AUDITOPTID, GRANTSTKTYPELIST, STKTRADECHKFLAG, STKRECKCHKFLAG, SIIINO, BONDREGID, BONDREGTYPE, IDENTIFYID, MEMO, CREDITSTOCKFLAG, STDREGID, GEM_RISKSIGNTYPE, GEM_RISKSIGNDATE, GEM_RISKTRADEDATE, GEM_RISKSIGNRSLTFLAG, F_HEDGEFLAG, REPOAMT, UNIFIEDCODE, OPTIONREGPERMITLIST, SETTLESTKVALUE, PROGRAMTRADINGFLAG, BONDHGTZZOPENDATE, UNDUEREPOAMT, CHANGEPWDDATE, SFPOPENDATE, SYNCDATE, BOOKID, JPMACCOUNTID, KEEPCOMBINATIONFLAG, PAUSETRADESTATUS, TRUSTEEDESKID)
values ('1', '000001', '000011721200', '000011721200', 0, '0117212000', '0117212000', '焦振鹏主股东', '0', '4^5^7^8^9^A^B^C^E', 'S5lEuv1P', '121212156882', 0, 0, '077011', '', 0, -1, 20181008113253, -1, 0, 203855.0000, '00', '99990', '', 'A0^A1^A2^A3^A4^A5^A8^A9^B0^B4^B8^B9^BA^BB^BC^BD^BE^BF^BG^C1^C2^C3^C4^C5^C6^C7^D1^D3^D4^D7^F1^Z0^Z1', '1', '1', '', '', '', '', '', '0', '', '', -1, -1, 0, 'SPEC', 0.000, '', '', 203855.000, '0', -1, 0.000, -1, -1, -1, '', '', '', 'N', '');

insert into registration (EXCHID, BRANCHID, ACCTID, CUSTID, REGMATCHNUM, REGID, OFFERREGID, REGNAME, REGTYPE, REGPERMITLIST, TRADEPWD, PERSONALID, FIXFLAG, REPURCHASEFIXFLAG, DESKID, AUTOSHAREFLAGLIST, AUTOQUOTAFLAG, LASTPRINTDATE, OPENDATE, EXPIREDATE, REGSTATUS, STKVALUE, CURRENCYID, OPTID, AUDITOPTID, GRANTSTKTYPELIST, STKTRADECHKFLAG, STKRECKCHKFLAG, SIIINO, BONDREGID, BONDREGTYPE, IDENTIFYID, MEMO, CREDITSTOCKFLAG, STDREGID, GEM_RISKSIGNTYPE, GEM_RISKSIGNDATE, GEM_RISKTRADEDATE, GEM_RISKSIGNRSLTFLAG, F_HEDGEFLAG, REPOAMT, UNIFIEDCODE, OPTIONREGPERMITLIST, SETTLESTKVALUE, PROGRAMTRADINGFLAG, BONDHGTZZOPENDATE, UNDUEREPOAMT, CHANGEPWDDATE, SFPOPENDATE, SYNCDATE, BOOKID, JPMACCOUNTID, KEEPCOMBINATIONFLAG, PAUSETRADESTATUS, TRUSTEEDESKID)
values ('1', '000001', '000011721201', '000011721201', 0, '0117212001', '0117212000', '焦振鹏虚拟股东', '4', '4^5^7^8^9^A^B^C^D^E', 'S5lEuv1P', '125415451212', 0, 0, '077011', '', 0, -1, 20181009103140, -1, 0, 0.0000, '00', '99990', '', 'A0^A1^A2^A3^A4^A5^A8^A9^B0^B1^B2^B3^B4^B5^B6^B8^B9^BA^BB^BC^BD^BE^BF^BG^C1^C2^C3^C4^C5^C6^C7^C8^D1^D3^D4^D5^D6^D7^F1^Z0', '1', '1', '', '', '', '', '', '0', '', '', -1, -1, 0, 'SPEC', 0.000, '', '', 0.000, '0', -1, 0.000, -1, -1, -1, '', '', '', 'N', '');

insert into registration (EXCHID, BRANCHID, ACCTID, CUSTID, REGMATCHNUM, REGID, OFFERREGID, REGNAME, REGTYPE, REGPERMITLIST, TRADEPWD, PERSONALID, FIXFLAG, REPURCHASEFIXFLAG, DESKID, AUTOSHAREFLAGLIST, AUTOQUOTAFLAG, LASTPRINTDATE, OPENDATE, EXPIREDATE, REGSTATUS, STKVALUE, CURRENCYID, OPTID, AUDITOPTID, GRANTSTKTYPELIST, STKTRADECHKFLAG, STKRECKCHKFLAG, SIIINO, BONDREGID, BONDREGTYPE, IDENTIFYID, MEMO, CREDITSTOCKFLAG, STDREGID, GEM_RISKSIGNTYPE, GEM_RISKSIGNDATE, GEM_RISKTRADEDATE, GEM_RISKSIGNRSLTFLAG, F_HEDGEFLAG, REPOAMT, UNIFIEDCODE, OPTIONREGPERMITLIST, SETTLESTKVALUE, PROGRAMTRADINGFLAG, BONDHGTZZOPENDATE, UNDUEREPOAMT, CHANGEPWDDATE, SFPOPENDATE, SYNCDATE, BOOKID, JPMACCOUNTID, KEEPCOMBINATIONFLAG, PAUSETRADESTATUS, TRUSTEEDESKID)
values ('1', '000001', '000011725200', '000011725200', 0, '0117252000', '0117252000', '焦振鹏主股东', '0', '4^5^7^8^9^A^B^C^E^F', 'S5lEuv1P', '121212156882', 0, 0, '077011', '', 0, -1, 20181008113253, -1, 0, 0.0000, '00', '99990', '', 'A0^A1^A2^A3^A4^A5^A8^A9^B0^B4^B8^B9^BA^BB^BC^BD^BE^BF^BG^C1^C2^C3^C4^C5^C6^C7^D1^D3^D4^D7^F1^Z0^Z1', '1', '1', '', '', '', '', '', '0', '', '', -1, -1, 0, 'SPEC', 0.000, '', '', 0.000, '0', -1, 0.000, -1, -1, -1, '', '', 'N', 'N', '');

insert into registration (EXCHID, BRANCHID, ACCTID, CUSTID, REGMATCHNUM, REGID, OFFERREGID, REGNAME, REGTYPE, REGPERMITLIST, TRADEPWD, PERSONALID, FIXFLAG, REPURCHASEFIXFLAG, DESKID, AUTOSHAREFLAGLIST, AUTOQUOTAFLAG, LASTPRINTDATE, OPENDATE, EXPIREDATE, REGSTATUS, STKVALUE, CURRENCYID, OPTID, AUDITOPTID, GRANTSTKTYPELIST, STKTRADECHKFLAG, STKRECKCHKFLAG, SIIINO, BONDREGID, BONDREGTYPE, IDENTIFYID, MEMO, CREDITSTOCKFLAG, STDREGID, GEM_RISKSIGNTYPE, GEM_RISKSIGNDATE, GEM_RISKTRADEDATE, GEM_RISKSIGNRSLTFLAG, F_HEDGEFLAG, REPOAMT, UNIFIEDCODE, OPTIONREGPERMITLIST, SETTLESTKVALUE, PROGRAMTRADINGFLAG, BONDHGTZZOPENDATE, UNDUEREPOAMT, CHANGEPWDDATE, SFPOPENDATE, SYNCDATE, BOOKID, JPMACCOUNTID, KEEPCOMBINATIONFLAG, PAUSETRADESTATUS, TRUSTEEDESKID)
values ('1', '000001', '000011725201', '000011725201', 0, '0117252001', '0117252000', '焦振鹏虚拟股东', '4', '', 'S5lEuv1P', '125415451212', 0, 0, '077011', '', 0, -1, 20181009103140, -1, 0, 0.0000, '00', '99990', '', 'A0^A1^A2^A3^A4^A5^A8^A9^B0^B1^B2^B3^B4^B5^B6^B8^B9^BA^BB^BC^BD^BE^BF^BG^C1^C2^C3^C4^C5^C6^C7^C8^D1^D3^D4^D5^D6^D7^F1^Z0', '1', '1', '', '', '', '', '', '0', '', '', -1, -1, 0, 'SPEC', 0.000, '', '', 0.000, '0', -1, 0.000, -1, -1, -1, '', '', 'N', 'N', '');


insert into stkinfo (EXCHID, STKID, CNSPELL, STKNAME, STKENGLISHABBR, STKTYPE, STKINDUSTRYTYPE, STKPARVALUE, TRADETYPE, CLOSEFLAG, DESKID, TOTALCURRENTSTKQTY, LASTYEARPROFIT, THISYEARPROFIT, OCCUPANCYPERPERSON, OCCUPANCYPERBRANCH, STKREGISTERDAY, LISTEDDATE, ENDINGDATE, TRADESTATUS, STKLEVEL, STKALLOTFLAG, STKINDEXFLAG, MAXORDERQTY, MINBUYSTKQTY, MINSELLSTKQTY, MAXORDERPRICE, MINORDERPRICE, UPPERCENT, DOWNPERCENT, PRICELIMITFLAG, AGGPRICELIMIT, CONTPRICELIMIT, TRADEUNIT, QTYPERHAND, ORDERPRICEUNIT, GRANTOPTMODELIST, ORDERUNIT, OFFERUNIT, RETURNUNIT, MARKETVALUEFLAG, TRUSTEESHIPMODE, BSPERMIT, STKWITHDRAWFLAG, ORDERPRICEFLAG, REORDERFLAG, FUNDPROCESSDAYS, UNDELIVERYFUNDUSEFLAG, STKDELIVERYDAYS, UNDELIVERYSTKUSEFLAG, AMAGGTRADEFLAG, AMCONTTRADEFLAG, PMAGGTRADEFLAG, PMCONTTRADEFLAG, NIGHTAGGTRADEFLAG, NIGHTCONTTRADEFLAG, CLOSEPRICE, NEWPRICE, EXCHTOTALKNOCKQTY, EXCHTOTALKNOCKAMT, CLOSETOTALDAYS, ACCUREDINTEREST, ISINCODE, ISINNAME, TOTALSTKQTY, FINALLYUSEPRICE, FLUCTUATINGRATE, MEMO, INPUTTIME, MAXPRICE, MINPRICE, AVERAGEPRICE, UPDOWNPERCENT, FIRSTDAYUPPERCENT, FIRSTDAYDOWNPERCENT, ISCREDITCASHSTK, ISCREDITSHARESTK, ISCMO, CMOSTANDARDRATE, CMORATE, STK52WEEKHI, STK52WEEKLOW, STK52WEEKHIDATE, STK52WEEKLOWDATE, CHANGERATE10, BUY1, SELL1, STKIDPREFIX, BASICSTKID, NAV, BEGININTERESTDATE, BULKTRADINGMAXPRICE, BULKTRADINGMINPRICE, STANDARDCONVERTRATE, PASSCREDITCASHSTK, PASSCREDITSHARESTK, MARKETMARKERFLAG, EXCHTRADETYPE, TRADETIMEFLAG, PAUSETRADESTATUS, CREDITSHARESELLPRICEFLAG, NETVOTEFLAG, OTHERBUSINESSMARK, EXCHMEMO, FIVEDAY_EXCHAVGKNOCKQTY, OPENPRICE, MAXORDERPRICE_CAL, MINORDERPRICE_CAL, TOTALSTKQTY2, XDPRICE, ISCREDITCASHSTK2, ISCREDITSHARESTK2, ISCMO2, MINBUYQTYTIMES, REMAINTRADEDAYS, MINSUBSQTY, TRANSFERSTATUS, TRANSFERTYPE, MARKETMARKERQTY, EXCHSUBSTKTYPE, IPORISKLISTEDDAYS, NOMINALPRICE, YDEXCHTOTALKNOCKQTY, STKISSUETYPE, PERMITFLAG, EXPIRETYPE, CAPTICALCATEGORY, MEDIANEXCHKNOCKQTY, COMPANYTYPE, NOPROFIT, WEIGHTEDVOTINGRIGHTS, LIMITTYPE, MAXMARKETORDERQTY, MINMARKETORDERQTY, NEWSTKNAME, STKSTATUS, ISREGISTRATION, ISVIE, FIXPRICEENABLE, CREDITSHAREFEERATE, SETTLETYPE)
values ('1', '000401', 'JDSN', '冀东水泥', 'JIDONG CEMENT', 'A0', 'C30', 1.00000000, 'A0', 'F', '', 1413369336, 1.14940, 0.00000, 0.0200, 0.0500, -1, 19960614000000, -1, 'N', 'N', 'N', 'Z', 1000000, 100, 1, 13.230, 10.8300, 0.10, 0.10, 1, 0.000, 0.000, 1, 100, 0.0100, '55^A0^A1^A2^A4^A6^AO^AP^AQ^W5', 0, 0, 0, 1, 2, 0, 1, 0, 1, 1, 1, 1, 1, 1, 1, 1, 1, 1, 1, 12.0300, 12.0300, 4878135, 58664278.650, 0, 0.10000000, 'CNE000000GX5', 'TANGSHAN JIDONG CEMENT INV-A', 24935168510, 0.000, 0.00000, '', 20160316182752, 12.0900, 11.9500, 12.0260, 0.0000, 0.00, 0.00, 'Y', 'Y', 'Y', 100.000000, 0.650000, 12.7900, 6.5300, 20160317000000, 20151206000000, 0.00000, 12.020, 12.030, '.A..', '000401', 0.0000, -1, 0.000, 0.000, 0.0000, 'T', 'T', 'N', 'N', '2', '', '1', 'T', 'N', 'securities中的status=', 4482982, 12.0400, 13.2300, 10.8300, 801000000, 12.0300, 'N', 'Y', 'N', 100, -1, -1, '', '', 0, '1', 101, 0.000, 4878135, '', '', '0', '01', 4878135, '0', 'N', 'N', '', 1000000, 1, '冀东水泥', 'N', 'N', 'N', 'Y', -1.000000, 'S');

insert into stkinfo (EXCHID, STKID, CNSPELL, STKNAME, STKENGLISHABBR, STKTYPE, STKINDUSTRYTYPE, STKPARVALUE, TRADETYPE, CLOSEFLAG, DESKID, TOTALCURRENTSTKQTY, LASTYEARPROFIT, THISYEARPROFIT, OCCUPANCYPERPERSON, OCCUPANCYPERBRANCH, STKREGISTERDAY, LISTEDDATE, ENDINGDATE, TRADESTATUS, STKLEVEL, STKALLOTFLAG, STKINDEXFLAG, MAXORDERQTY, MINBUYSTKQTY, MINSELLSTKQTY, MAXORDERPRICE, MINORDERPRICE, UPPERCENT, DOWNPERCENT, PRICELIMITFLAG, AGGPRICELIMIT, CONTPRICELIMIT, TRADEUNIT, QTYPERHAND, ORDERPRICEUNIT, GRANTOPTMODELIST, ORDERUNIT, OFFERUNIT, RETURNUNIT, MARKETVALUEFLAG, TRUSTEESHIPMODE, BSPERMIT, STKWITHDRAWFLAG, ORDERPRICEFLAG, REORDERFLAG, FUNDPROCESSDAYS, UNDELIVERYFUNDUSEFLAG, STKDELIVERYDAYS, UNDELIVERYSTKUSEFLAG, AMAGGTRADEFLAG, AMCONTTRADEFLAG, PMAGGTRADEFLAG, PMCONTTRADEFLAG, NIGHTAGGTRADEFLAG, NIGHTCONTTRADEFLAG, CLOSEPRICE, NEWPRICE, EXCHTOTALKNOCKQTY, EXCHTOTALKNOCKAMT, CLOSETOTALDAYS, ACCUREDINTEREST, ISINCODE, ISINNAME, TOTALSTKQTY, FINALLYUSEPRICE, FLUCTUATINGRATE, MEMO, INPUTTIME, MAXPRICE, MINPRICE, AVERAGEPRICE, UPDOWNPERCENT, FIRSTDAYUPPERCENT, FIRSTDAYDOWNPERCENT, ISCREDITCASHSTK, ISCREDITSHARESTK, ISCMO, CMOSTANDARDRATE, CMORATE, STK52WEEKHI, STK52WEEKLOW, STK52WEEKHIDATE, STK52WEEKLOWDATE, CHANGERATE10, BUY1, SELL1, STKIDPREFIX, BASICSTKID, NAV, BEGININTERESTDATE, BULKTRADINGMAXPRICE, BULKTRADINGMINPRICE, STANDARDCONVERTRATE, PASSCREDITCASHSTK, PASSCREDITSHARESTK, MARKETMARKERFLAG, EXCHTRADETYPE, TRADETIMEFLAG, PAUSETRADESTATUS, CREDITSHARESELLPRICEFLAG, NETVOTEFLAG, OTHERBUSINESSMARK, EXCHMEMO, FIVEDAY_EXCHAVGKNOCKQTY, OPENPRICE, MAXORDERPRICE_CAL, MINORDERPRICE_CAL, TOTALSTKQTY2, XDPRICE, ISCREDITCASHSTK2, ISCREDITSHARESTK2, ISCMO2, MINBUYQTYTIMES, REMAINTRADEDAYS, MINSUBSQTY, TRANSFERSTATUS, TRANSFERTYPE, MARKETMARKERQTY, EXCHSUBSTKTYPE, IPORISKLISTEDDAYS, NOMINALPRICE, YDEXCHTOTALKNOCKQTY, STKISSUETYPE, PERMITFLAG, EXPIRETYPE, CAPTICALCATEGORY, MEDIANEXCHKNOCKQTY, COMPANYTYPE, NOPROFIT, WEIGHTEDVOTINGRIGHTS, LIMITTYPE, MAXMARKETORDERQTY, MINMARKETORDERQTY, NEWSTKNAME, STKSTATUS, ISREGISTRATION, ISVIE, FIXPRICEENABLE, CREDITSHAREFEERATE, SETTLETYPE)
values ('1', '002770', 'STKD', '*ST科迪', 'KEDI DAIRY', 'A0', 'C14', 1.00000000, 'A0', 'F', '', 605998722, -1.16300, 0.00000, 0.0200, 0.0500, -1, 20150630000000, -1, 'N', '*', 'N', 'Z', 1000000, 100, 1, 2.280, 2.0600, 0.10, 0.10, 1, 0.000, 0.000, 1, 100, 0.0100, '55^A0^A1^A2^A4^A6^AO^AP^AQ^W5', 0, 0, 0, 1, 2, 0, 1, 0, 1, 1, 1, 1, 1, 1, 1, 1, 1, 1, 1, 2.1600, 2.1600, 7092690, 15443275.400, 0, 0.20000000, 'CNE100002094', 'HENAN KEDI DAIRY CO LTD-A', 4946563500, 0.000, 0.00000, '', 20160316182832, 2.2100, 2.1500, 2.1774, 0.0000, 0.00, 0.00, 'N', 'N', 'Y', 100.000000, 0.300000, 29.6500, 11.6100, 20160509000000, 20160614000000, 0.00000, 2.160, 2.170, '...A', '002770', 0.0000, -1, 0.000, 0.000, 0.0000, 'T', 'T', 'N', 'N', '2', '', '0', 'T', 'N', 'securities中的status=5,', 8572644, 2.1600, 2.2800, 2.0600, 0, 2.1600, 'N', 'N', 'N', 100, -1, -1, '', '', 0, '1', 101, 0.000, 7092690, '', '', '0', '01', 7092690, '0', 'N', 'N', '', 1000000, 1, '*ST科迪', 'N', 'N', 'N', 'Y', -1.000000, 'S');

insert into stklist (EXCHID, ACCTID, CUSTID, REGID, REGNAME, OFFERREGID, STKID, STKNAME, EXCHTRUSTEESHIPQTY, PREVIOUSQTY, PREVIOUSCOST, STKVALUE, PREVIOUSINCOME, USABLEQTY, CURRENTQTY, UNSALEABLEQTY, SELLFROZENQTY, BUYFROZENQTY, EXCEPTFROZENQTY, REALTIMECOST, REALTIMEINCOME, CURRENCYID, STKTYPE, TRADETYPE, DESKID, CURRENTSTKVALUE, NEWPRICE, ETFKNOCKQTY, SELLUSEDQTY, ETFUSEDQTY, NEEDSETTLEQTY, IMPAWNQTY, WARRANTUSEDQTY, BONDPLEDGEQTY, BONDPLEDGEUSABLEQTY, HOLDSTATUS, CREDITSHAREUSEDQTY, CURRENTCREDITSHAREQTY, CREDITSHAREFROZENQTY, GUARANTYQTY, CURRENTQTYF, CUSTBRANCHID, GOINGBUYQTY, TOTALSELLQTY, SELLLIMITQTY, WAITSETTLEQTY, EXCHFROZENQTY, DIVIDENDAMT, DIVIDENDQTY, AGREEREPOQTY, QBONDPLEDGEQTY, QBONDPLEDGEUSABLEQTY, EXCHSELLFROZENQTY, ETFPURCHASEFROZENQTY, INTSUSABLEQTY, INTSBUYFROZENQTY, INTSSELLUSEDQTY, TDTOTALOPENAMT, TDTOTALOPENQTY, TDTOTALCLOSEAMT, TDTOTALCLOSEQTY, TDTOTALOPENFEE, TDTOTALCLOSEFEE, COVEREDFROZENQTY, COVEREDFROZENUSABLEQTY, COVEREDFROZENPOSITIONQTY, SETTLEPREVIOUSCOST, SETTLESTKVALUE, SETTLEPREVIOUSINCOME, EXCHRATE, CREDITINSHAREUSEDQTY, CREDITINSHAREQTY, CREDITOUTSHAREUSEDQTY, CREDITOUTSHAREQTY, NOUSEINITQTY, USEDUNFROZENQTY, FASTUPDATECNT, CREDITSPAREQTY, TDTOTALNOTBUYQTY, TDTOTALNOTSELLQTY, OCCURCREDITLOCKSHAREQTY, GAPFROZENQTY, ZRTTRANSQTY, CREDITSHAREGOINGQTY, CREDITUSABLEQTY, CREDITBUYFROZENQTY)
values ('1', '000011721200', '000011721200', '0117212000', '焦振鹏主股东', '0117212000', '002770', '*ST科迪', 0, 0, 0.00000000, 216000.0000, 0.000, 100000, 100000, 0, 0, 0, 0, 0.000, 0.000, '00', 'A0', 'A0', '077011', 0.0000, 0.0000, 0, 0, 0, 0, 0, 0, 0, 0, 0, 0, 0, 0, 0, 0.00, '000001', 0, 0, 0, 0, 0, 0.000, 0, 0, 0, 0, 0, 0, 0, 0, 0, 0.000, 0, 0.000, 0, 0.000, 0.000, 0, 0, 0, 0.00000000, 0.0000, 0.000, 1.000000, 0, 0, 0, 0, 0, 0, 0, 0, 0, 0, 0, 0, 0, 0, 0, 0);

insert into stklist (EXCHID, ACCTID, CUSTID, REGID, REGNAME, OFFERREGID, STKID, STKNAME, EXCHTRUSTEESHIPQTY, PREVIOUSQTY, PREVIOUSCOST, STKVALUE, PREVIOUSINCOME, USABLEQTY, CURRENTQTY, UNSALEABLEQTY, SELLFROZENQTY, BUYFROZENQTY, EXCEPTFROZENQTY, REALTIMECOST, REALTIMEINCOME, CURRENCYID, STKTYPE, TRADETYPE, DESKID, CURRENTSTKVALUE, NEWPRICE, ETFKNOCKQTY, SELLUSEDQTY, ETFUSEDQTY, NEEDSETTLEQTY, IMPAWNQTY, WARRANTUSEDQTY, BONDPLEDGEQTY, BONDPLEDGEUSABLEQTY, HOLDSTATUS, CREDITSHAREUSEDQTY, CURRENTCREDITSHAREQTY, CREDITSHAREFROZENQTY, GUARANTYQTY, CURRENTQTYF, CUSTBRANCHID, GOINGBUYQTY, TOTALSELLQTY, SELLLIMITQTY, WAITSETTLEQTY, EXCHFROZENQTY, DIVIDENDAMT, DIVIDENDQTY, AGREEREPOQTY, QBONDPLEDGEQTY, QBONDPLEDGEUSABLEQTY, EXCHSELLFROZENQTY, ETFPURCHASEFROZENQTY, INTSUSABLEQTY, INTSBUYFROZENQTY, INTSSELLUSEDQTY, TDTOTALOPENAMT, TDTOTALOPENQTY, TDTOTALCLOSEAMT, TDTOTALCLOSEQTY, TDTOTALOPENFEE, TDTOTALCLOSEFEE, COVEREDFROZENQTY, COVEREDFROZENUSABLEQTY, COVEREDFROZENPOSITIONQTY, SETTLEPREVIOUSCOST, SETTLESTKVALUE, SETTLEPREVIOUSINCOME, EXCHRATE, CREDITINSHAREUSEDQTY, CREDITINSHAREQTY, CREDITOUTSHAREUSEDQTY, CREDITOUTSHAREQTY, NOUSEINITQTY, USEDUNFROZENQTY, FASTUPDATECNT, CREDITSPAREQTY, TDTOTALNOTBUYQTY, TDTOTALNOTSELLQTY, OCCURCREDITLOCKSHAREQTY, GAPFROZENQTY, ZRTTRANSQTY, CREDITSHAREGOINGQTY, CREDITUSABLEQTY, CREDITBUYFROZENQTY)
values ('1', '000011725200', '000011725200', '0117252000', '焦振鹏主股东', '0117252000', '002770', '*ST科迪', 0, 0, 0.00000000, 216000.0000, 0.000, 100000, 100000, 0, 0, 0, 0, 0.000, 0.000, '00', 'A0', 'A0', '077011', 0.0000, 0.0000, 0, 0, 0, 0, 0, 0, 0, 0, 0, 0, 0, 0, 0, 0.00, '000001', 0, 0, 0, 0, 0, 0.000, 0, 0, 0, 0, 0, 0, 0, 0, 0, 0.000, 0, 0.000, 0, 0.000, 0.000, 0, 0, 0, 0.00000000, 0.0000, 0.000, 1.000000, 0, 0, 0, 0, 0, 0, 0, 0, 0, 0, 0, 0, 0, 0, 0, 0);

